2026-05-22 13:54:13,544 [INFO] Conexión con X-Plane establecida.
2026-05-22 13:54:15,545 [INFO] Posición inicial: -34.554°, -58.425° | Alt: 4500 ft | IAS: 50 kts
2026-05-22 13:54:15,545 [INFO] FlightController inicializado.
2026-05-22 13:54:15,549 [ERROR] Error inesperado: tuple index out of range
Traceback (most recent call last):
  File "c:\Users\JasFly-Simu-Lidar\Desktop\Simuladores JASFLY\2026_Rocio\Simulador\2026_05_22.py", line 365, in <module>
    controller.run(ALTITUDE)
    ~~~~~~~~~~~~~~^^^^^^^^^^
  File "c:\Users\JasFly-Simu-Lidar\Desktop\Simuladores JASFLY\2026_Rocio\Simulador\2026_05_22.py", line 267, in run
    state = self._read_state()
  File "c:\Users\JasFly-Simu-Lidar\Desktop\Simuladores JASFLY\2026_Rocio\Simulador\2026_05_22.py", line 178, in _read_state
    state  = {k: v[0] for k, v in zip(keys, values)}
                 ~^^^
IndexError: tuple index out of range
2026-06-12 11:07:27,441 - INFO - Heading de referencia: 17.4°
2026-06-12 11:07:27,468 - INFO - t=0.0s | IAS=0.9kts (target=50.0) | Alt=4425ft | VS=-2670fpm
2026-06-12 11:07:27,494 - INFO - t=0.1s | IAS=1.0kts (target=50.1) | Alt=4424ft | VS=-2691fpm
2026-06-12 11:07:27,518 - INFO - t=0.1s | IAS=1.0kts (target=50.1) | Alt=4423ft | VS=-2652fpm
2026-06-12 11:07:27,544 - INFO - t=0.1s | IAS=1.0kts (target=50.2) | Alt=4422ft | VS=-2585fpm
2026-06-12 11:07:27,568 - INFO - t=0.1s | IAS=1.1kts (target=50.2) | Alt=4421ft | VS=-2500fpm
2026-06-12 11:07:27,593 - INFO - t=0.2s | IAS=1.1kts (target=50.3) | Alt=4420ft | VS=-2425fpm
2026-06-12 11:07:27,617 - INFO - t=0.2s | IAS=1.1kts (target=50.3) | Alt=4419ft | VS=-2352fpm
2026-06-12 11:07:27,642 - INFO - t=0.2s | IAS=1.2kts (target=50.4) | Alt=4418ft | VS=-2278fpm
2026-06-12 11:07:27,668 - INFO - t=0.2s | IAS=1.2kts (target=50.4) | Alt=4417ft | VS=-2206fpm
2026-06-12 11:07:27,694 - INFO - t=0.3s | IAS=1.2kts (target=50.5) | Alt=4416ft | VS=-2133fpm
2026-06-12 11:07:27,718 - INFO - t=0.3s | IAS=1.3kts (target=50.5) | Alt=4415ft | VS=-2071fpm
2026-06-12 11:07:27,744 - INFO - t=0.3s | IAS=1.3kts (target=50.6) | Alt=4414ft | VS=-2012fpm
2026-06-12 11:07:27,768 - INFO - t=0.3s | IAS=1.4kts (target=50.6) | Alt=4413ft | VS=-1958fpm
2026-06-12 11:07:27,794 - INFO - t=0.4s | IAS=1.5kts (target=50.7) | Alt=4413ft | VS=-1910fpm
2026-06-12 11:07:27,819 - INFO - t=0.4s | IAS=1.5kts (target=50.7) | Alt=4412ft | VS=-1865fpm
2026-06-12 11:07:27,845 - INFO - t=0.4s | IAS=1.6kts (target=50.8) | Alt=4411ft | VS=-1821fpm
2026-06-12 11:07:27,869 - INFO - t=0.4s | IAS=1.7kts (target=50.8) | Alt=4410ft | VS=-1784fpm
2026-06-12 11:07:27,894 - INFO - t=0.5s | IAS=1.7kts (target=50.9) | Alt=4410ft | VS=-1752fpm
2026-06-12 11:07:27,921 - INFO - t=0.5s | IAS=1.8kts (target=50.9) | Alt=4409ft | VS=-1723fpm
2026-06-12 11:07:27,946 - INFO - t=0.5s | IAS=1.9kts (target=51.0) | Alt=4408ft | VS=-1693fpm
2026-06-12 11:07:27,970 - INFO - t=0.5s | IAS=2.0kts (target=51.0) | Alt=4407ft | VS=-1669fpm
2026-06-12 11:07:27,995 - INFO - t=0.6s | IAS=2.1kts (target=51.1) | Alt=4407ft | VS=-1649fpm
2026-06-12 11:07:28,019 - INFO - t=0.6s | IAS=2.2kts (target=51.1) | Alt=4406ft | VS=-1629fpm
2026-06-12 11:07:28,045 - INFO - t=0.6s | IAS=2.3kts (target=51.2) | Alt=4405ft | VS=-1609fpm
2026-06-12 11:07:28,073 - INFO - t=0.6s | IAS=2.4kts (target=51.2) | Alt=4405ft | VS=-1589fpm
2026-06-12 11:07:28,097 - INFO - t=0.7s | IAS=2.5kts (target=51.3) | Alt=4404ft | VS=-1570fpm
2026-06-12 11:07:28,121 - INFO - t=0.7s | IAS=2.7kts (target=51.3) | Alt=4403ft | VS=-1555fpm
2026-06-12 11:07:28,145 - INFO - t=0.7s | IAS=2.8kts (target=51.4) | Alt=4403ft | VS=-1539fpm
2026-06-12 11:07:28,170 - INFO - t=0.7s | IAS=2.9kts (target=51.4) | Alt=4402ft | VS=-1524fpm
2026-06-12 11:07:28,195 - INFO - t=0.8s | IAS=3.0kts (target=51.5) | Alt=4402ft | VS=-1508fpm
2026-06-12 11:07:28,219 - INFO - t=0.8s | IAS=3.2kts (target=51.5) | Alt=4401ft | VS=-1493fpm
2026-06-12 11:07:28,243 - INFO - t=0.8s | IAS=3.3kts (target=51.6) | Alt=4400ft | VS=-1476fpm
2026-06-12 11:07:28,267 - INFO - t=0.8s | IAS=3.5kts (target=51.6) | Alt=4400ft | VS=-1461fpm
2026-06-12 11:07:28,295 - INFO - t=0.9s | IAS=3.6kts (target=51.7) | Alt=4399ft | VS=-1444fpm
2026-06-12 11:07:28,319 - INFO - t=0.9s | IAS=3.8kts (target=51.7) | Alt=4399ft | VS=-1426fpm
2026-06-12 11:07:28,344 - INFO - t=0.9s | IAS=3.9kts (target=51.8) | Alt=4398ft | VS=-1407fpm
2026-06-12 11:07:28,368 - INFO - t=0.9s | IAS=4.1kts (target=51.8) | Alt=4397ft | VS=-1388fpm
2026-06-12 11:07:28,395 - INFO - t=1.0s | IAS=4.3kts (target=51.9) | Alt=4397ft | VS=-1369fpm
2026-06-12 11:07:28,420 - INFO - t=1.0s | IAS=4.4kts (target=51.9) | Alt=4396ft | VS=-1348fpm
2026-06-12 11:07:28,445 - INFO - t=1.0s | IAS=4.6kts (target=52.0) | Alt=4396ft | VS=-1328fpm
2026-06-12 11:07:28,473 - INFO - t=1.0s | IAS=4.8kts (target=52.0) | Alt=4395ft | VS=-1308fpm
2026-06-12 11:07:28,498 - INFO - t=1.1s | IAS=5.0kts (target=52.1) | Alt=4394ft | VS=-1286fpm
2026-06-12 11:07:28,521 - INFO - t=1.1s | IAS=5.2kts (target=52.1) | Alt=4394ft | VS=-1267fpm
2026-06-12 11:07:28,546 - INFO - t=1.1s | IAS=5.4kts (target=52.2) | Alt=4393ft | VS=-1249fpm
2026-06-12 11:07:28,572 - INFO - t=1.1s | IAS=5.5kts (target=52.2) | Alt=4393ft | VS=-1230fpm
2026-06-12 11:07:28,599 - INFO - t=1.2s | IAS=5.7kts (target=52.3) | Alt=4392ft | VS=-1211fpm
2026-06-12 11:07:28,625 - INFO - t=1.2s | IAS=5.9kts (target=52.3) | Alt=4392ft | VS=-1192fpm
2026-06-12 11:07:28,649 - INFO - t=1.2s | IAS=6.2kts (target=52.4) | Alt=4391ft | VS=-1173fpm
2026-06-12 11:07:28,674 - INFO - t=1.2s | IAS=6.4kts (target=52.4) | Alt=4391ft | VS=-1155fpm
2026-06-12 11:07:28,700 - INFO - t=1.3s | IAS=6.5kts (target=52.5) | Alt=4390ft | VS=-1137fpm
2026-06-12 11:07:28,726 - INFO - t=1.3s | IAS=6.8kts (target=52.5) | Alt=4390ft | VS=-1119fpm
2026-06-12 11:07:28,750 - INFO - t=1.3s | IAS=7.0kts (target=52.6) | Alt=4389ft | VS=-1099fpm
2026-06-12 11:07:28,774 - INFO - t=1.3s | IAS=7.2kts (target=52.6) | Alt=4389ft | VS=-1081fpm
2026-06-12 11:07:28,801 - INFO - t=1.4s | IAS=7.4kts (target=52.7) | Alt=4389ft | VS=-1062fpm
2026-06-12 11:07:28,827 - INFO - t=1.4s | IAS=7.6kts (target=52.7) | Alt=4388ft | VS=-1043fpm
2026-06-12 11:07:28,851 - INFO - t=1.4s | IAS=7.8kts (target=52.8) | Alt=4388ft | VS=-1022fpm
2026-06-12 11:07:28,876 - INFO - t=1.4s | IAS=8.1kts (target=52.8) | Alt=4387ft | VS=-1003fpm
2026-06-12 11:07:28,902 - INFO - t=1.5s | IAS=8.3kts (target=52.9) | Alt=4387ft | VS=-983fpm
2026-06-12 11:07:28,927 - INFO - t=1.5s | IAS=8.5kts (target=52.9) | Alt=4386ft | VS=-964fpm
2026-06-12 11:07:28,952 - INFO - t=1.5s | IAS=8.7kts (target=53.0) | Alt=4386ft | VS=-943fpm
2026-06-12 11:07:28,977 - INFO - t=1.5s | IAS=9.0kts (target=53.0) | Alt=4386ft | VS=-923fpm
2026-06-12 11:07:29,002 - INFO - t=1.6s | IAS=9.2kts (target=53.1) | Alt=4385ft | VS=-903fpm
2026-06-12 11:07:29,029 - INFO - t=1.6s | IAS=9.4kts (target=53.1) | Alt=4385ft | VS=-884fpm
2026-06-12 11:07:29,053 - INFO - t=1.6s | IAS=9.7kts (target=53.2) | Alt=4384ft | VS=-861fpm
2026-06-12 11:07:29,077 - INFO - t=1.6s | IAS=9.9kts (target=53.2) | Alt=4384ft | VS=-842fpm
2026-06-12 11:07:29,102 - INFO - t=1.7s | IAS=10.1kts (target=53.3) | Alt=4384ft | VS=-823fpm
2026-06-12 11:07:29,129 - INFO - t=1.7s | IAS=10.3kts (target=53.3) | Alt=4383ft | VS=-804fpm
2026-06-12 11:07:29,154 - INFO - t=1.7s | IAS=10.6kts (target=53.4) | Alt=4383ft | VS=-782fpm
2026-06-12 11:07:29,179 - INFO - t=1.7s | IAS=10.8kts (target=53.4) | Alt=4383ft | VS=-762fpm
2026-06-12 11:07:29,207 - INFO - t=1.8s | IAS=11.1kts (target=53.5) | Alt=4382ft | VS=-743fpm
2026-06-12 11:07:29,233 - INFO - t=1.8s | IAS=11.3kts (target=53.5) | Alt=4382ft | VS=-722fpm
2026-06-12 11:07:29,257 - INFO - t=1.8s | IAS=11.6kts (target=53.6) | Alt=4382ft | VS=-703fpm
2026-06-12 11:07:29,283 - INFO - t=1.8s | IAS=11.8kts (target=53.6) | Alt=4382ft | VS=-684fpm
2026-06-12 11:07:29,310 - INFO - t=1.9s | IAS=12.1kts (target=53.7) | Alt=4381ft | VS=-666fpm
2026-06-12 11:07:29,335 - INFO - t=1.9s | IAS=12.3kts (target=53.7) | Alt=4381ft | VS=-647fpm
2026-06-12 11:07:29,360 - INFO - t=1.9s | IAS=12.6kts (target=53.8) | Alt=4381ft | VS=-628fpm
2026-06-12 11:07:29,384 - INFO - t=1.9s | IAS=12.8kts (target=53.8) | Alt=4380ft | VS=-611fpm
2026-06-12 11:07:29,412 - INFO - t=2.0s | IAS=13.0kts (target=53.9) | Alt=4380ft | VS=-595fpm
2026-06-12 11:07:29,437 - INFO - t=2.0s | IAS=13.3kts (target=53.9) | Alt=4380ft | VS=-578fpm
2026-06-12 11:07:29,461 - INFO - t=2.0s | IAS=13.5kts (target=54.0) | Alt=4380ft | VS=-561fpm
2026-06-12 11:07:29,487 - INFO - t=2.0s | IAS=13.8kts (target=54.0) | Alt=4379ft | VS=-546fpm
2026-06-12 11:07:29,513 - INFO - t=2.1s | IAS=14.0kts (target=54.1) | Alt=4379ft | VS=-530fpm
2026-06-12 11:07:29,536 - INFO - t=2.1s | IAS=14.3kts (target=54.1) | Alt=4379ft | VS=-516fpm
2026-06-12 11:07:29,562 - INFO - t=2.1s | IAS=14.5kts (target=54.2) | Alt=4379ft | VS=-501fpm
2026-06-12 11:07:29,587 - INFO - t=2.1s | IAS=14.8kts (target=54.2) | Alt=4379ft | VS=-487fpm
2026-06-12 11:07:29,613 - INFO - t=2.2s | IAS=15.0kts (target=54.3) | Alt=4378ft | VS=-474fpm
2026-06-12 11:07:29,637 - INFO - t=2.2s | IAS=15.3kts (target=54.3) | Alt=4378ft | VS=-462fpm
2026-06-12 11:07:29,662 - INFO - t=2.2s | IAS=15.5kts (target=54.4) | Alt=4378ft | VS=-450fpm
2026-06-12 11:07:29,687 - INFO - t=2.2s | IAS=15.8kts (target=54.4) | Alt=4378ft | VS=-439fpm
2026-06-12 11:07:29,713 - INFO - t=2.3s | IAS=16.0kts (target=54.5) | Alt=4378ft | VS=-428fpm
2026-06-12 11:07:29,737 - INFO - t=2.3s | IAS=16.3kts (target=54.5) | Alt=4377ft | VS=-419fpm
2026-06-12 11:07:29,762 - INFO - t=2.3s | IAS=16.5kts (target=54.6) | Alt=4377ft | VS=-409fpm
2026-06-12 11:07:29,787 - INFO - t=2.3s | IAS=16.8kts (target=54.6) | Alt=4377ft | VS=-401fpm
2026-06-12 11:07:29,813 - INFO - t=2.4s | IAS=17.0kts (target=54.7) | Alt=4377ft | VS=-394fpm
2026-06-12 11:07:29,837 - INFO - t=2.4s | IAS=17.2kts (target=54.7) | Alt=4377ft | VS=-388fpm
2026-06-12 11:07:29,862 - INFO - t=2.4s | IAS=17.5kts (target=54.8) | Alt=4377ft | VS=-382fpm
2026-06-12 11:07:29,887 - INFO - t=2.4s | IAS=17.8kts (target=54.8) | Alt=4376ft | VS=-377fpm
2026-06-12 11:07:29,913 - INFO - t=2.5s | IAS=18.0kts (target=54.9) | Alt=4376ft | VS=-373fpm
2026-06-12 11:07:29,938 - INFO - t=2.5s | IAS=18.3kts (target=54.9) | Alt=4376ft | VS=-369fpm
2026-06-12 11:07:29,963 - INFO - t=2.5s | IAS=18.5kts (target=55.0) | Alt=4376ft | VS=-367fpm
2026-06-12 11:07:29,988 - INFO - t=2.5s | IAS=18.8kts (target=55.0) | Alt=4376ft | VS=-365fpm
2026-06-12 11:07:30,014 - INFO - t=2.6s | IAS=19.0kts (target=55.1) | Alt=4376ft | VS=-364fpm
2026-06-12 11:07:30,038 - INFO - t=2.6s | IAS=19.3kts (target=55.1) | Alt=4375ft | VS=-364fpm
2026-06-12 11:07:30,062 - INFO - t=2.6s | IAS=19.5kts (target=55.2) | Alt=4375ft | VS=-365fpm
2026-06-12 11:07:30,088 - INFO - t=2.6s | IAS=19.8kts (target=55.2) | Alt=4375ft | VS=-366fpm
2026-06-12 11:07:30,114 - INFO - t=2.7s | IAS=20.0kts (target=55.3) | Alt=4375ft | VS=-369fpm
2026-06-12 11:07:30,138 - INFO - t=2.7s | IAS=20.2kts (target=55.3) | Alt=4375ft | VS=-372fpm
2026-06-12 11:07:30,162 - INFO - t=2.7s | IAS=20.5kts (target=55.4) | Alt=4375ft | VS=-377fpm
2026-06-12 11:07:30,187 - INFO - t=2.7s | IAS=20.7kts (target=55.4) | Alt=4374ft | VS=-382fpm
2026-06-12 11:07:30,214 - INFO - t=2.8s | IAS=21.0kts (target=55.5) | Alt=4374ft | VS=-388fpm
2026-06-12 11:07:30,238 - INFO - t=2.8s | IAS=21.2kts (target=55.5) | Alt=4374ft | VS=-395fpm
2026-06-12 11:07:30,263 - INFO - t=2.8s | IAS=21.5kts (target=55.6) | Alt=4374ft | VS=-404fpm
2026-06-12 11:07:30,288 - INFO - t=2.8s | IAS=21.7kts (target=55.6) | Alt=4374ft | VS=-413fpm
2026-06-12 11:07:30,314 - INFO - t=2.9s | IAS=22.0kts (target=55.7) | Alt=4374ft | VS=-424fpm
2026-06-12 11:07:30,339 - INFO - t=2.9s | IAS=22.2kts (target=55.7) | Alt=4373ft | VS=-435fpm
2026-06-12 11:07:30,364 - INFO - t=2.9s | IAS=22.4kts (target=55.8) | Alt=4373ft | VS=-449fpm
2026-06-12 11:07:30,389 - INFO - t=2.9s | IAS=22.7kts (target=55.8) | Alt=4373ft | VS=-463fpm
2026-06-12 11:07:30,415 - INFO - t=3.0s | IAS=22.9kts (target=55.9) | Alt=4373ft | VS=-478fpm
2026-06-12 11:07:30,441 - INFO - t=3.0s | IAS=23.1kts (target=55.9) | Alt=4373ft | VS=-494fpm
2026-06-12 11:07:30,467 - INFO - t=3.0s | IAS=23.4kts (target=56.0) | Alt=4372ft | VS=-513fpm
2026-06-12 11:07:30,492 - INFO - t=3.1s | IAS=23.6kts (target=56.0) | Alt=4372ft | VS=-532fpm
2026-06-12 11:07:30,518 - INFO - t=3.1s | IAS=23.8kts (target=56.1) | Alt=4372ft | VS=-552fpm
2026-06-12 11:07:30,543 - INFO - t=3.1s | IAS=24.1kts (target=56.1) | Alt=4372ft | VS=-572fpm
2026-06-12 11:07:30,568 - INFO - t=3.1s | IAS=24.3kts (target=56.2) | Alt=4371ft | VS=-595fpm
2026-06-12 11:07:30,595 - INFO - t=3.2s | IAS=24.5kts (target=56.2) | Alt=4371ft | VS=-618fpm
2026-06-12 11:07:30,621 - INFO - t=3.2s | IAS=24.7kts (target=56.3) | Alt=4371ft | VS=-643fpm
2026-06-12 11:07:30,646 - INFO - t=3.2s | IAS=24.9kts (target=56.3) | Alt=4370ft | VS=-668fpm
2026-06-12 11:07:30,672 - INFO - t=3.2s | IAS=25.2kts (target=56.4) | Alt=4370ft | VS=-694fpm
2026-06-12 11:07:30,697 - INFO - t=3.3s | IAS=25.4kts (target=56.4) | Alt=4370ft | VS=-722fpm
2026-06-12 11:07:30,724 - INFO - t=3.3s | IAS=25.6kts (target=56.5) | Alt=4369ft | VS=-750fpm
2026-06-12 11:07:30,750 - INFO - t=3.3s | IAS=25.8kts (target=56.5) | Alt=4369ft | VS=-779fpm
2026-06-12 11:07:30,777 - INFO - t=3.3s | IAS=26.0kts (target=56.6) | Alt=4369ft | VS=-811fpm
2026-06-12 11:07:30,802 - INFO - t=3.4s | IAS=26.2kts (target=56.6) | Alt=4368ft | VS=-844fpm
2026-06-12 11:07:30,829 - INFO - t=3.4s | IAS=26.4kts (target=56.7) | Alt=4368ft | VS=-875fpm
2026-06-12 11:07:30,854 - INFO - t=3.4s | IAS=26.6kts (target=56.7) | Alt=4368ft | VS=-908fpm
2026-06-12 11:07:30,879 - INFO - t=3.4s | IAS=26.8kts (target=56.8) | Alt=4367ft | VS=-942fpm
2026-06-12 11:07:30,906 - INFO - t=3.5s | IAS=26.9kts (target=56.8) | Alt=4367ft | VS=-975fpm
2026-06-12 11:07:30,933 - INFO - t=3.5s | IAS=27.1kts (target=56.9) | Alt=4366ft | VS=-1013fpm
2026-06-12 11:07:30,960 - INFO - t=3.5s | IAS=27.3kts (target=56.9) | Alt=4366ft | VS=-1048fpm
2026-06-12 11:07:30,987 - INFO - t=3.5s | IAS=27.5kts (target=57.0) | Alt=4365ft | VS=-1089fpm
2026-06-12 11:07:31,015 - INFO - t=3.6s | IAS=27.6kts (target=57.0) | Alt=4365ft | VS=-1129fpm
2026-06-12 11:07:31,041 - INFO - t=3.6s | IAS=27.8kts (target=57.1) | Alt=4364ft | VS=-1171fpm
2026-06-12 11:07:31,067 - INFO - t=3.6s | IAS=28.0kts (target=57.1) | Alt=4364ft | VS=-1209fpm
2026-06-12 11:07:31,092 - INFO - t=3.7s | IAS=28.1kts (target=57.2) | Alt=4363ft | VS=-1251fpm
2026-06-12 11:07:31,117 - INFO - t=3.7s | IAS=28.2kts (target=57.2) | Alt=4363ft | VS=-1290fpm
2026-06-12 11:07:31,145 - INFO - t=3.7s | IAS=28.4kts (target=57.3) | Alt=4362ft | VS=-1332fpm
2026-06-12 11:07:31,170 - INFO - t=3.7s | IAS=28.5kts (target=57.3) | Alt=4361ft | VS=-1375fpm
2026-06-12 11:07:31,194 - INFO - t=3.8s | IAS=28.6kts (target=57.4) | Alt=4361ft | VS=-1419fpm
2026-06-12 11:07:31,219 - INFO - t=3.8s | IAS=28.8kts (target=57.4) | Alt=4360ft | VS=-1460fpm
2026-06-12 11:07:31,247 - INFO - t=3.8s | IAS=28.9kts (target=57.5) | Alt=4360ft | VS=-1504fpm
2026-06-12 11:07:31,272 - INFO - t=3.8s | IAS=29.0kts (target=57.5) | Alt=4359ft | VS=-1550fpm
2026-06-12 11:07:31,297 - INFO - t=3.9s | IAS=29.1kts (target=57.6) | Alt=4358ft | VS=-1596fpm
2026-06-12 11:07:31,321 - INFO - t=3.9s | IAS=29.2kts (target=57.6) | Alt=4358ft | VS=-1640fpm
2026-06-12 11:07:31,348 - INFO - t=3.9s | IAS=29.3kts (target=57.7) | Alt=4357ft | VS=-1685fpm
2026-06-12 11:07:31,373 - INFO - t=3.9s | IAS=29.4kts (target=57.7) | Alt=4356ft | VS=-1730fpm
2026-06-12 11:07:31,398 - INFO - t=4.0s | IAS=29.5kts (target=57.8) | Alt=4355ft | VS=-1778fpm
2026-06-12 11:07:31,423 - INFO - t=4.0s | IAS=29.5kts (target=57.8) | Alt=4355ft | VS=-1824fpm
2026-06-12 11:07:31,449 - INFO - t=4.0s | IAS=29.6kts (target=57.9) | Alt=4354ft | VS=-1870fpm
2026-06-12 11:07:31,475 - INFO - t=4.0s | IAS=29.7kts (target=57.9) | Alt=4353ft | VS=-1915fpm
2026-06-12 11:07:31,500 - INFO - t=4.1s | IAS=29.7kts (target=58.0) | Alt=4352ft | VS=-1967fpm
2026-06-12 11:07:31,525 - INFO - t=4.1s | IAS=29.8kts (target=58.0) | Alt=4351ft | VS=-2015fpm
2026-06-12 11:07:31,553 - INFO - t=4.1s | IAS=29.9kts (target=58.1) | Alt=4350ft | VS=-2062fpm
2026-06-12 11:07:31,578 - INFO - t=4.1s | IAS=29.9kts (target=58.1) | Alt=4349ft | VS=-2113fpm
2026-06-12 11:07:31,603 - INFO - t=4.2s | IAS=29.9kts (target=58.2) | Alt=4348ft | VS=-2163fpm
2026-06-12 11:07:31,627 - INFO - t=4.2s | IAS=30.0kts (target=58.2) | Alt=4347ft | VS=-2211fpm
2026-06-12 11:07:31,654 - INFO - t=4.2s | IAS=30.0kts (target=58.3) | Alt=4347ft | VS=-2260fpm
2026-06-12 11:07:31,679 - INFO - t=4.2s | IAS=30.0kts (target=58.3) | Alt=4346ft | VS=-2311fpm
2026-06-12 11:07:31,706 - INFO - t=4.3s | IAS=30.0kts (target=58.4) | Alt=4345ft | VS=-2363fpm
2026-06-12 11:07:31,731 - INFO - t=4.3s | IAS=30.1kts (target=58.4) | Alt=4343ft | VS=-2417fpm
2026-06-12 11:07:31,758 - INFO - t=4.3s | IAS=30.1kts (target=58.5) | Alt=4342ft | VS=-2467fpm
2026-06-12 11:07:31,783 - INFO - t=4.3s | IAS=30.1kts (target=58.5) | Alt=4341ft | VS=-2521fpm
2026-06-12 11:07:31,809 - INFO - t=4.4s | IAS=30.1kts (target=58.6) | Alt=4340ft | VS=-2575fpm
2026-06-12 11:07:31,833 - INFO - t=4.4s | IAS=30.0kts (target=58.6) | Alt=4339ft | VS=-2627fpm
2026-06-12 11:07:31,861 - INFO - t=4.4s | IAS=30.0kts (target=58.7) | Alt=4338ft | VS=-2677fpm
2026-06-12 11:07:31,886 - INFO - t=4.4s | IAS=30.0kts (target=58.7) | Alt=4337ft | VS=-2730fpm
2026-06-12 11:07:31,911 - INFO - t=4.5s | IAS=30.0kts (target=58.8) | Alt=4335ft | VS=-2785fpm
2026-06-12 11:07:31,936 - INFO - t=4.5s | IAS=29.9kts (target=58.8) | Alt=4334ft | VS=-2836fpm
2026-06-12 11:07:31,964 - INFO - t=4.5s | IAS=29.9kts (target=58.9) | Alt=4333ft | VS=-2885fpm
2026-06-12 11:07:31,991 - INFO - t=4.6s | IAS=29.8kts (target=58.9) | Alt=4332ft | VS=-2936fpm
2026-06-12 11:07:32,017 - INFO - t=4.6s | IAS=29.7kts (target=59.0) | Alt=4330ft | VS=-2995fpm
2026-06-12 11:07:32,044 - INFO - t=4.6s | IAS=29.7kts (target=59.0) | Alt=4329ft | VS=-3049fpm
2026-06-12 11:07:32,074 - INFO - t=4.6s | IAS=29.6kts (target=59.1) | Alt=4328ft | VS=-3104fpm
2026-06-12 11:07:32,100 - INFO - t=4.7s | IAS=29.5kts (target=59.1) | Alt=4326ft | VS=-3162fpm
2026-06-12 11:07:32,126 - INFO - t=4.7s | IAS=29.4kts (target=59.2) | Alt=4325ft | VS=-3212fpm
2026-06-12 11:07:32,152 - INFO - t=4.7s | IAS=29.3kts (target=59.2) | Alt=4323ft | VS=-3256fpm
2026-06-12 11:07:32,179 - INFO - t=4.7s | IAS=29.2kts (target=59.3) | Alt=4322ft | VS=-3300fpm
2026-06-12 11:07:32,206 - INFO - t=4.8s | IAS=29.1kts (target=59.3) | Alt=4320ft | VS=-3348fpm
2026-06-12 11:07:32,230 - INFO - t=4.8s | IAS=29.0kts (target=59.4) | Alt=4319ft | VS=-3399fpm
2026-06-12 11:07:32,256 - INFO - t=4.8s | IAS=29.0kts (target=59.4) | Alt=4317ft | VS=-3445fpm
2026-06-12 11:07:32,285 - INFO - t=4.8s | IAS=28.9kts (target=59.5) | Alt=4316ft | VS=-3494fpm
2026-06-12 11:07:32,311 - INFO - t=4.9s | IAS=28.8kts (target=59.5) | Alt=4314ft | VS=-3542fpm
2026-06-12 11:07:32,336 - INFO - t=4.9s | IAS=28.7kts (target=59.6) | Alt=4313ft | VS=-3591fpm
2026-06-12 11:07:32,363 - INFO - t=4.9s | IAS=28.6kts (target=59.6) | Alt=4311ft | VS=-3633fpm
2026-06-12 11:07:32,389 - INFO - t=4.9s | IAS=28.5kts (target=59.7) | Alt=4309ft | VS=-3678fpm
2026-06-12 11:07:32,414 - INFO - t=5.0s | IAS=28.3kts (target=59.7) | Alt=4308ft | VS=-3719fpm
2026-06-12 11:07:32,440 - INFO - t=5.0s | IAS=28.2kts (target=59.8) | Alt=4306ft | VS=-3761fpm
2026-06-12 11:07:32,467 - INFO - t=5.0s | IAS=28.1kts (target=59.8) | Alt=4304ft | VS=-3803fpm
2026-06-12 11:07:32,493 - INFO - t=5.1s | IAS=28.0kts (target=59.9) | Alt=4303ft | VS=-3845fpm
2026-06-12 11:07:32,518 - INFO - t=5.1s | IAS=27.8kts (target=59.9) | Alt=4301ft | VS=-3885fpm
2026-06-12 11:07:32,544 - INFO - t=5.1s | IAS=27.7kts (target=60.0) | Alt=4299ft | VS=-3928fpm
2026-06-12 11:07:32,570 - INFO - t=5.1s | IAS=27.5kts (target=60.0) | Alt=4298ft | VS=-3974fpm
2026-06-12 11:07:32,596 - INFO - t=5.2s | IAS=27.3kts (target=60.1) | Alt=4296ft | VS=-4019fpm
2026-06-12 11:07:32,622 - INFO - t=5.2s | IAS=27.2kts (target=60.1) | Alt=4294ft | VS=-4065fpm
2026-06-12 11:07:32,647 - INFO - t=5.2s | IAS=27.0kts (target=60.2) | Alt=4292ft | VS=-4116fpm
2026-06-12 11:07:32,672 - INFO - t=5.2s | IAS=26.9kts (target=60.2) | Alt=4291ft | VS=-4167fpm
2026-06-12 11:07:32,697 - INFO - t=5.3s | IAS=26.8kts (target=60.3) | Alt=4289ft | VS=-4219fpm
2026-06-12 11:07:32,724 - INFO - t=5.3s | IAS=26.6kts (target=60.3) | Alt=4287ft | VS=-4271fpm
2026-06-12 11:07:32,751 - INFO - t=5.3s | IAS=26.5kts (target=60.4) | Alt=4285ft | VS=-4332fpm
2026-06-12 11:07:32,777 - INFO - t=5.3s | IAS=26.5kts (target=60.4) | Alt=4283ft | VS=-4396fpm
2026-06-12 11:07:32,803 - INFO - t=5.4s | IAS=26.4kts (target=60.5) | Alt=4281ft | VS=-4454fpm
2026-06-12 11:07:32,829 - INFO - t=5.4s | IAS=26.4kts (target=60.5) | Alt=4279ft | VS=-4509fpm
2026-06-12 11:07:32,855 - INFO - t=5.4s | IAS=26.4kts (target=60.6) | Alt=4277ft | VS=-4570fpm
2026-06-12 11:07:32,880 - INFO - t=5.4s | IAS=26.4kts (target=60.6) | Alt=4275ft | VS=-4628fpm
2026-06-12 11:07:32,906 - INFO - t=5.5s | IAS=26.5kts (target=60.7) | Alt=4273ft | VS=-4679fpm
2026-06-12 11:07:32,933 - INFO - t=5.5s | IAS=26.5kts (target=60.7) | Alt=4271ft | VS=-4735fpm
2026-06-12 11:07:32,958 - INFO - t=5.5s | IAS=26.6kts (target=60.8) | Alt=4269ft | VS=-4798fpm
2026-06-12 11:07:32,986 - INFO - t=5.5s | IAS=26.6kts (target=60.8) | Alt=4267ft | VS=-4853fpm
2026-06-12 11:07:33,014 - INFO - t=5.6s | IAS=26.6kts (target=60.9) | Alt=4265ft | VS=-4912fpm
2026-06-12 11:07:33,039 - INFO - t=5.6s | IAS=26.6kts (target=60.9) | Alt=4262ft | VS=-4967fpm
2026-06-12 11:07:33,067 - INFO - t=5.6s | IAS=26.6kts (target=61.0) | Alt=4260ft | VS=-5023fpm
2026-06-12 11:07:33,093 - INFO - t=5.7s | IAS=26.5kts (target=61.0) | Alt=4258ft | VS=-5078fpm
2026-06-12 11:07:33,120 - INFO - t=5.7s | IAS=26.4kts (target=61.1) | Alt=4256ft | VS=-5130fpm
2026-06-12 11:07:33,146 - INFO - t=5.7s | IAS=26.2kts (target=61.1) | Alt=4253ft | VS=-5180fpm
2026-06-12 11:07:33,170 - INFO - t=5.7s | IAS=26.0kts (target=61.2) | Alt=4251ft | VS=-5230fpm
2026-06-12 11:07:33,196 - INFO - t=5.8s | IAS=25.7kts (target=61.2) | Alt=4249ft | VS=-5276fpm
2026-06-12 11:07:33,222 - INFO - t=5.8s | IAS=25.4kts (target=61.3) | Alt=4247ft | VS=-5321fpm
2026-06-12 11:07:33,247 - INFO - t=5.8s | IAS=25.0kts (target=61.3) | Alt=4244ft | VS=-5364fpm
2026-06-12 11:07:33,272 - INFO - t=5.8s | IAS=24.5kts (target=61.4) | Alt=4242ft | VS=-5410fpm
2026-06-12 11:07:33,297 - INFO - t=5.9s | IAS=23.9kts (target=61.4) | Alt=4240ft | VS=-5453fpm
2026-06-12 11:07:33,323 - INFO - t=5.9s | IAS=23.3kts (target=61.5) | Alt=4237ft | VS=-5497fpm
2026-06-12 11:07:33,350 - INFO - t=5.9s | IAS=22.6kts (target=61.5) | Alt=4235ft | VS=-5542fpm
2026-06-12 11:07:33,377 - INFO - t=5.9s | IAS=21.8kts (target=61.6) | Alt=4232ft | VS=-5592fpm
2026-06-12 11:07:33,402 - INFO - t=6.0s | IAS=20.9kts (target=61.6) | Alt=4230ft | VS=-5640fpm
2026-06-12 11:07:33,429 - INFO - t=6.0s | IAS=20.0kts (target=61.7) | Alt=4227ft | VS=-5685fpm
2026-06-12 11:07:33,454 - INFO - t=6.0s | IAS=19.0kts (target=61.7) | Alt=4225ft | VS=-5730fpm
2026-06-12 11:07:33,479 - INFO - t=6.0s | IAS=17.9kts (target=61.8) | Alt=4223ft | VS=-5776fpm
2026-06-12 11:07:33,505 - INFO - t=6.1s | IAS=16.8kts (target=61.8) | Alt=4220ft | VS=-5821fpm
2026-06-12 11:07:33,532 - INFO - t=6.1s | IAS=15.5kts (target=61.9) | Alt=4217ft | VS=-5869fpm
2026-06-12 11:07:33,559 - INFO - t=6.1s | IAS=14.3kts (target=61.9) | Alt=4215ft | VS=-5914fpm
2026-06-12 11:07:33,585 - INFO - t=6.1s | IAS=12.8kts (target=62.0) | Alt=4212ft | VS=-5964fpm
2026-06-12 11:07:33,610 - INFO - t=6.2s | IAS=11.4kts (target=62.0) | Alt=4210ft | VS=-5999fpm
2026-06-12 11:07:33,637 - INFO - t=6.2s | IAS=10.1kts (target=62.1) | Alt=4207ft | VS=-6037fpm
2026-06-12 11:07:33,663 - INFO - t=6.2s | IAS=8.7kts (target=62.1) | Alt=4204ft | VS=-6078fpm
2026-06-12 11:07:33,688 - INFO - t=6.2s | IAS=7.3kts (target=62.2) | Alt=4202ft | VS=-6122fpm
2026-06-12 11:07:33,712 - INFO - t=6.3s | IAS=6.0kts (target=62.2) | Alt=4199ft | VS=-6162fpm
2026-06-12 11:07:33,738 - INFO - t=6.3s | IAS=4.7kts (target=62.3) | Alt=4196ft | VS=-6201fpm
2026-06-12 11:07:33,763 - INFO - t=6.3s | IAS=3.5kts (target=62.3) | Alt=4194ft | VS=-6239fpm
2026-06-12 11:07:33,792 - INFO - t=6.4s | IAS=2.2kts (target=62.4) | Alt=4191ft | VS=-6278fpm
2026-06-12 11:07:33,818 - INFO - t=6.4s | IAS=0.9kts (target=62.4) | Alt=4188ft | VS=-6327fpm
2026-06-12 11:07:33,844 - INFO - t=6.4s | IAS=-0.3kts (target=62.5) | Alt=4185ft | VS=-6366fpm
2026-06-12 11:07:33,870 - INFO - t=6.4s | IAS=-1.3kts (target=62.5) | Alt=4183ft | VS=-6403fpm
2026-06-12 11:07:33,895 - INFO - t=6.5s | IAS=-2.3kts (target=62.6) | Alt=4180ft | VS=-6441fpm
2026-06-12 11:07:33,920 - INFO - t=6.5s | IAS=-3.2kts (target=62.6) | Alt=4177ft | VS=-6474fpm
2026-06-12 11:07:33,947 - INFO - t=6.5s | IAS=-4.1kts (target=62.7) | Alt=4174ft | VS=-6508fpm
2026-06-12 11:07:33,973 - INFO - t=6.5s | IAS=-4.9kts (target=62.7) | Alt=4171ft | VS=-6541fpm
2026-06-12 11:07:34,000 - INFO - t=6.6s | IAS=-5.6kts (target=62.8) | Alt=4168ft | VS=-6573fpm
2026-06-12 11:07:34,027 - INFO - t=6.6s | IAS=-6.3kts (target=62.8) | Alt=4165ft | VS=-6601fpm
2026-06-12 11:07:34,054 - INFO - t=6.6s | IAS=-6.9kts (target=62.9) | Alt=4162ft | VS=-6623fpm
2026-06-12 11:07:34,079 - INFO - t=6.6s | IAS=-7.4kts (target=62.9) | Alt=4160ft | VS=-6639fpm
2026-06-12 11:07:34,105 - INFO - t=6.7s | IAS=-7.8kts (target=63.0) | Alt=4157ft | VS=-6647fpm
2026-06-12 11:07:34,130 - INFO - t=6.7s | IAS=-8.2kts (target=63.0) | Alt=4154ft | VS=-6647fpm
2026-06-12 11:07:34,158 - INFO - t=6.7s | IAS=-8.5kts (target=63.1) | Alt=4151ft | VS=-6638fpm
2026-06-12 11:07:34,186 - INFO - t=6.7s | IAS=-8.7kts (target=63.1) | Alt=4148ft | VS=-6619fpm
2026-06-12 11:07:34,211 - INFO - t=6.8s | IAS=-8.9kts (target=63.2) | Alt=4145ft | VS=-6587fpm
2026-06-12 11:07:34,236 - INFO - t=6.8s | IAS=-9.0kts (target=63.2) | Alt=4142ft | VS=-6550fpm
2026-06-12 11:07:34,262 - INFO - t=6.8s | IAS=-9.0kts (target=63.3) | Alt=4139ft | VS=-6506fpm
2026-06-12 11:07:34,287 - INFO - t=6.8s | IAS=-9.0kts (target=63.3) | Alt=4137ft | VS=-6456fpm
2026-06-12 11:07:34,313 - INFO - t=6.9s | IAS=-8.9kts (target=63.4) | Alt=4134ft | VS=-6397fpm
2026-06-12 11:07:34,338 - INFO - t=6.9s | IAS=-8.8kts (target=63.4) | Alt=4131ft | VS=-6341fpm
2026-06-12 11:07:34,365 - INFO - t=6.9s | IAS=-8.6kts (target=63.5) | Alt=4128ft | VS=-6289fpm
2026-06-12 11:07:34,393 - INFO - t=7.0s | IAS=-8.3kts (target=63.5) | Alt=4126ft | VS=-6238fpm
2026-06-12 11:07:34,418 - INFO - t=7.0s | IAS=-7.9kts (target=63.6) | Alt=4123ft | VS=-6179fpm
2026-06-12 11:07:34,446 - INFO - t=7.0s | IAS=-7.5kts (target=63.6) | Alt=4120ft | VS=-6127fpm
2026-06-12 11:07:34,473 - INFO - t=7.0s | IAS=-7.0kts (target=63.7) | Alt=4117ft | VS=-6070fpm
2026-06-12 11:07:34,500 - INFO - t=7.1s | IAS=-6.4kts (target=63.7) | Alt=4115ft | VS=-6016fpm
2026-06-12 11:07:34,526 - INFO - t=7.1s | IAS=-5.7kts (target=63.8) | Alt=4112ft | VS=-5954fpm
2026-06-12 11:07:34,551 - INFO - t=7.1s | IAS=-5.0kts (target=63.8) | Alt=4109ft | VS=-5896fpm
2026-06-12 11:07:34,580 - INFO - t=7.1s | IAS=-4.3kts (target=63.9) | Alt=4107ft | VS=-5838fpm
2026-06-12 11:07:34,607 - INFO - t=7.2s | IAS=-3.4kts (target=63.9) | Alt=4104ft | VS=-5773fpm
2026-06-12 11:07:34,634 - INFO - t=7.2s | IAS=-2.4kts (target=64.0) | Alt=4101ft | VS=-5707fpm
2026-06-12 11:07:34,661 - INFO - t=7.2s | IAS=-1.4kts (target=64.0) | Alt=4099ft | VS=-5646fpm
2026-06-12 11:07:34,689 - INFO - t=7.2s | IAS=-0.3kts (target=64.1) | Alt=4096ft | VS=-5586fpm
2026-06-12 11:07:34,714 - INFO - t=7.3s | IAS=0.9kts (target=64.1) | Alt=4094ft | VS=-5528fpm
2026-06-12 11:07:34,740 - INFO - t=7.3s | IAS=2.1kts (target=64.2) | Alt=4091ft | VS=-5469fpm
2026-06-12 11:07:34,767 - INFO - t=7.3s | IAS=3.3kts (target=64.2) | Alt=4089ft | VS=-5415fpm
2026-06-12 11:07:34,795 - INFO - t=7.4s | IAS=4.6kts (target=64.3) | Alt=4086ft | VS=-5361fpm
2026-06-12 11:07:34,820 - INFO - t=7.4s | IAS=6.0kts (target=64.3) | Alt=4084ft | VS=-5314fpm
2026-06-12 11:07:34,846 - INFO - t=7.4s | IAS=7.4kts (target=64.4) | Alt=4082ft | VS=-5270fpm
2026-06-12 11:07:34,871 - INFO - t=7.4s | IAS=8.8kts (target=64.4) | Alt=4080ft | VS=-5231fpm
2026-06-12 11:07:34,898 - INFO - t=7.5s | IAS=10.2kts (target=64.5) | Alt=4077ft | VS=-5195fpm
2026-06-12 11:07:34,926 - INFO - t=7.5s | IAS=11.7kts (target=64.5) | Alt=4075ft | VS=-5163fpm
2026-06-12 11:07:34,952 - INFO - t=7.5s | IAS=13.4kts (target=64.6) | Alt=4073ft | VS=-5130fpm
2026-06-12 11:07:34,977 - INFO - t=7.5s | IAS=14.9kts (target=64.6) | Alt=4070ft | VS=-5103fpm
2026-06-12 11:07:35,004 - INFO - t=7.6s | IAS=16.5kts (target=64.7) | Alt=4068ft | VS=-5079fpm
2026-06-12 11:07:35,030 - INFO - t=7.6s | IAS=18.1kts (target=64.7) | Alt=4066ft | VS=-5056fpm
2026-06-12 11:07:35,055 - INFO - t=7.6s | IAS=19.7kts (target=64.8) | Alt=4064ft | VS=-5033fpm
2026-06-12 11:07:35,081 - INFO - t=7.6s | IAS=21.3kts (target=64.8) | Alt=4062ft | VS=-5009fpm
2026-06-12 11:07:35,108 - INFO - t=7.7s | IAS=22.9kts (target=64.9) | Alt=4059ft | VS=-4984fpm
2026-06-12 11:07:35,134 - INFO - t=7.7s | IAS=24.6kts (target=64.9) | Alt=4057ft | VS=-4957fpm
2026-06-12 11:07:35,159 - INFO - t=7.7s | IAS=26.3kts (target=65.0) | Alt=4055ft | VS=-4925fpm
2026-06-12 11:07:35,186 - INFO - t=7.7s | IAS=27.9kts (target=65.0) | Alt=4053ft | VS=-4895fpm
2026-06-12 11:07:35,214 - INFO - t=7.8s | IAS=29.5kts (target=65.1) | Alt=4051ft | VS=-4860fpm
2026-06-12 11:07:35,240 - INFO - t=7.8s | IAS=31.2kts (target=65.1) | Alt=4048ft | VS=-4822fpm
2026-06-12 11:07:35,268 - INFO - t=7.8s | IAS=32.9kts (target=65.2) | Alt=4046ft | VS=-4780fpm
2026-06-12 11:07:35,294 - INFO - t=7.9s | IAS=34.6kts (target=65.2) | Alt=4044ft | VS=-4736fpm
2026-06-12 11:07:35,321 - INFO - t=7.9s | IAS=36.1kts (target=65.3) | Alt=4042ft | VS=-4691fpm
2026-06-12 11:07:35,347 - INFO - t=7.9s | IAS=37.7kts (target=65.3) | Alt=4040ft | VS=-4642fpm
2026-06-12 11:07:35,373 - INFO - t=7.9s | IAS=39.3kts (target=65.4) | Alt=4038ft | VS=-4582fpm
2026-06-12 11:07:35,400 - INFO - t=8.0s | IAS=40.8kts (target=65.4) | Alt=4036ft | VS=-4526fpm
2026-06-12 11:07:35,430 - INFO - t=8.0s | IAS=42.3kts (target=65.5) | Alt=4034ft | VS=-4457fpm
2026-06-12 11:07:35,456 - INFO - t=8.0s | IAS=43.9kts (target=65.5) | Alt=4032ft | VS=-4375fpm
2026-06-12 11:07:35,483 - INFO - t=8.0s | IAS=45.4kts (target=65.6) | Alt=4030ft | VS=-4299fpm
2026-06-12 11:07:35,512 - INFO - t=8.1s | IAS=46.9kts (target=65.6) | Alt=4028ft | VS=-4225fpm
2026-06-12 11:07:35,538 - INFO - t=8.1s | IAS=48.4kts (target=65.7) | Alt=4026ft | VS=-4133fpm
2026-06-12 11:07:35,566 - INFO - t=8.1s | IAS=49.7kts (target=65.7) | Alt=4024ft | VS=-4053fpm
2026-06-12 11:07:35,592 - INFO - t=8.2s | IAS=51.1kts (target=65.8) | Alt=4022ft | VS=-3966fpm
2026-06-12 11:07:35,619 - INFO - t=8.2s | IAS=52.4kts (target=65.8) | Alt=4020ft | VS=-3885fpm
2026-06-12 11:07:35,647 - INFO - t=8.2s | IAS=53.7kts (target=65.9) | Alt=4019ft | VS=-3811fpm
2026-06-12 11:07:35,673 - INFO - t=8.2s | IAS=54.9kts (target=65.9) | Alt=4017ft | VS=-3721fpm
2026-06-12 11:07:35,700 - INFO - t=8.3s | IAS=56.2kts (target=66.0) | Alt=4015ft | VS=-3644fpm
2026-06-12 11:07:35,726 - INFO - t=8.3s | IAS=57.4kts (target=66.0) | Alt=4014ft | VS=-3568fpm
2026-06-12 11:07:35,753 - INFO - t=8.3s | IAS=58.5kts (target=66.1) | Alt=4012ft | VS=-3488fpm
2026-06-12 11:07:35,779 - INFO - t=8.3s | IAS=59.5kts (target=66.1) | Alt=4011ft | VS=-3411fpm
2026-06-12 11:07:35,805 - INFO - t=8.4s | IAS=60.7kts (target=66.2) | Alt=4009ft | VS=-3319fpm
2026-06-12 11:07:35,830 - INFO - t=8.4s | IAS=61.7kts (target=66.2) | Alt=4008ft | VS=-3236fpm
2026-06-12 11:07:35,858 - INFO - t=8.4s | IAS=62.6kts (target=66.3) | Alt=4006ft | VS=-3149fpm
2026-06-12 11:07:35,885 - INFO - t=8.4s | IAS=63.6kts (target=66.3) | Alt=4005ft | VS=-3048fpm
2026-06-12 11:07:35,913 - INFO - t=8.5s | IAS=64.6kts (target=66.4) | Alt=4003ft | VS=-2935fpm
2026-06-12 11:07:35,939 - INFO - t=8.5s | IAS=65.6kts (target=66.4) | Alt=4003ft | VS=-2826fpm
2026-06-12 11:07:35,966 - INFO - t=8.5s | IAS=66.5kts (target=66.5) | Alt=4003ft | VS=-2720fpm
2026-06-12 11:07:35,994 - INFO - t=8.6s | IAS=67.3kts (target=66.5) | Alt=4003ft | VS=-2606fpm
2026-06-12 11:07:36,020 - INFO - t=8.6s | IAS=68.2kts (target=66.6) | Alt=4003ft | VS=-2477fpm
2026-06-12 11:07:36,046 - INFO - t=8.6s | IAS=69.0kts (target=66.6) | Alt=4003ft | VS=-2365fpm
2026-06-12 11:07:36,073 - INFO - t=8.6s | IAS=69.7kts (target=66.7) | Alt=4003ft | VS=-2251fpm
2026-06-12 11:07:36,100 - INFO - t=8.7s | IAS=70.4kts (target=66.7) | Alt=4003ft | VS=-2133fpm
2026-06-12 11:07:36,126 - INFO - t=8.7s | IAS=71.1kts (target=66.8) | Alt=4003ft | VS=-2002fpm
2026-06-12 11:07:36,152 - INFO - t=8.7s | IAS=71.7kts (target=66.8) | Alt=4004ft | VS=-1880fpm
2026-06-12 11:07:36,180 - INFO - t=8.7s | IAS=72.3kts (target=66.9) | Alt=4003ft | VS=-1762fpm
2026-06-12 11:07:36,206 - INFO - t=8.8s | IAS=72.9kts (target=66.9) | Alt=4002ft | VS=-1631fpm
2026-06-12 11:07:36,231 - INFO - t=8.8s | IAS=73.4kts (target=67.0) | Alt=4002ft | VS=-1504fpm
2026-06-12 11:07:36,258 - INFO - t=8.8s | IAS=73.8kts (target=67.0) | Alt=4001ft | VS=-1386fpm
2026-06-12 11:07:36,287 - INFO - t=8.8s | IAS=74.2kts (target=67.1) | Alt=4001ft | VS=-1261fpm
2026-06-12 11:07:36,312 - INFO - t=8.9s | IAS=74.6kts (target=67.1) | Alt=4001ft | VS=-1135fpm
2026-06-12 11:07:36,338 - INFO - t=8.9s | IAS=74.9kts (target=67.2) | Alt=4000ft | VS=-1020fpm
2026-06-12 11:07:36,363 - INFO - t=8.9s | IAS=75.2kts (target=67.2) | Alt=4000ft | VS=-911fpm
2026-06-12 11:07:36,391 - INFO - t=8.9s | IAS=75.4kts (target=67.3) | Alt=4000ft | VS=-805fpm
2026-06-12 11:07:36,418 - INFO - t=9.0s | IAS=75.5kts (target=67.3) | Alt=3999ft | VS=-699fpm
2026-06-12 11:07:36,447 - INFO - t=9.0s | IAS=75.6kts (target=67.4) | Alt=3999ft | VS=-591fpm
2026-06-12 11:07:36,473 - INFO - t=9.0s | IAS=75.7kts (target=67.4) | Alt=3999ft | VS=-481fpm
2026-06-12 11:07:36,501 - INFO - t=9.1s | IAS=75.6kts (target=67.5) | Alt=3998ft | VS=-388fpm
2026-06-12 11:07:36,528 - INFO - t=9.1s | IAS=75.5kts (target=67.5) | Alt=3998ft | VS=-294fpm
2026-06-12 11:07:36,554 - INFO - t=9.1s | IAS=75.4kts (target=67.6) | Alt=3998ft | VS=-194fpm
2026-06-12 11:07:36,579 - INFO - t=9.1s | IAS=75.1kts (target=67.6) | Alt=3998ft | VS=-104fpm
2026-06-12 11:07:36,606 - INFO - t=9.2s | IAS=74.8kts (target=67.7) | Alt=3998ft | VS=-20fpm
2026-06-12 11:07:36,633 - INFO - t=9.2s | IAS=74.5kts (target=67.7) | Alt=3998ft | VS=66fpm
2026-06-12 11:07:36,658 - INFO - t=9.2s | IAS=74.1kts (target=67.8) | Alt=3998ft | VS=156fpm
2026-06-12 11:07:36,684 - INFO - t=9.2s | IAS=73.6kts (target=67.8) | Alt=3998ft | VS=231fpm
2026-06-12 11:07:36,713 - INFO - t=9.3s | IAS=73.1kts (target=67.9) | Alt=3998ft | VS=303fpm
2026-06-12 11:07:36,738 - INFO - t=9.3s | IAS=72.5kts (target=67.9) | Alt=3998ft | VS=371fpm
2026-06-12 11:07:36,763 - INFO - t=9.3s | IAS=71.8kts (target=68.0) | Alt=3998ft | VS=437fpm
2026-06-12 11:07:36,791 - INFO - t=9.4s | IAS=71.1kts (target=68.0) | Alt=3998ft | VS=492fpm
2026-06-12 11:07:36,818 - INFO - t=9.4s | IAS=70.3kts (target=68.1) | Alt=3999ft | VS=544fpm
2026-06-12 11:07:36,844 - INFO - t=9.4s | IAS=69.5kts (target=68.1) | Alt=3999ft | VS=583fpm
2026-06-12 11:07:36,871 - INFO - t=9.4s | IAS=68.6kts (target=68.2) | Alt=3999ft | VS=619fpm
2026-06-12 11:07:36,896 - INFO - t=9.5s | IAS=67.7kts (target=68.2) | Alt=3999ft | VS=647fpm
2026-06-12 11:07:36,922 - INFO - t=9.5s | IAS=66.8kts (target=68.3) | Alt=4000ft | VS=669fpm
2026-06-12 11:07:36,950 - INFO - t=9.5s | IAS=65.9kts (target=68.3) | Alt=4000ft | VS=686fpm
2026-06-12 11:07:36,976 - INFO - t=9.5s | IAS=64.9kts (target=68.4) | Alt=4000ft | VS=701fpm
2026-06-12 11:07:37,001 - INFO - t=9.6s | IAS=63.9kts (target=68.4) | Alt=4000ft | VS=703fpm
2026-06-12 11:07:37,030 - INFO - t=9.6s | IAS=62.9kts (target=68.5) | Alt=4001ft | VS=704fpm
2026-06-12 11:07:37,055 - INFO - t=9.6s | IAS=61.9kts (target=68.5) | Alt=4001ft | VS=715fpm
2026-06-12 11:07:37,081 - INFO - t=9.6s | IAS=60.9kts (target=68.6) | Alt=4001ft | VS=730fpm
2026-06-12 11:07:37,108 - INFO - t=9.7s | IAS=60.0kts (target=68.6) | Alt=4002ft | VS=745fpm
2026-06-12 11:07:37,135 - INFO - t=9.7s | IAS=59.0kts (target=68.7) | Alt=4002ft | VS=759fpm
2026-06-12 11:07:37,160 - INFO - t=9.7s | IAS=58.1kts (target=68.7) | Alt=4002ft | VS=769fpm
2026-06-12 11:07:37,193 - INFO - t=9.8s | IAS=57.1kts (target=68.8) | Alt=4002ft | VS=775fpm
2026-06-12 11:07:37,225 - INFO - t=9.8s | IAS=55.9kts (target=68.8) | Alt=4003ft | VS=776fpm
2026-06-12 11:07:37,259 - INFO - t=9.8s | IAS=54.8kts (target=68.9) | Alt=4003ft | VS=770fpm
2026-06-12 11:07:37,291 - INFO - t=9.8s | IAS=53.7kts (target=68.9) | Alt=4004ft | VS=760fpm
2026-06-12 11:07:37,324 - INFO - t=9.9s | IAS=52.5kts (target=69.0) | Alt=4004ft | VS=743fpm
2026-06-12 11:07:37,358 - INFO - t=9.9s | IAS=51.4kts (target=69.0) | Alt=4004ft | VS=717fpm
2026-06-12 11:07:37,387 - INFO - t=9.9s | IAS=50.2kts (target=69.1) | Alt=4005ft | VS=684fpm
2026-06-12 11:07:37,411 - INFO - t=10.0s | IAS=49.3kts (target=69.1) | Alt=4005ft | VS=658fpm
2026-06-12 11:07:37,436 - INFO - t=10.0s | IAS=48.5kts (target=69.2) | Alt=4005ft | VS=641fpm
2026-06-12 11:07:37,462 - INFO - t=10.0s | IAS=47.6kts (target=69.2) | Alt=4005ft | VS=635fpm
2026-06-12 11:07:37,491 - INFO - t=10.0s | IAS=46.8kts (target=69.3) | Alt=4006ft | VS=637fpm
2026-06-12 11:07:37,517 - INFO - t=10.1s | IAS=45.9kts (target=69.3) | Alt=4006ft | VS=642fpm
2026-06-12 11:07:37,544 - INFO - t=10.1s | IAS=45.0kts (target=69.4) | Alt=4006ft | VS=649fpm
2026-06-12 11:07:37,570 - INFO - t=10.1s | IAS=44.2kts (target=69.4) | Alt=4006ft | VS=659fpm
2026-06-12 11:07:37,596 - INFO - t=10.2s | IAS=43.4kts (target=69.5) | Alt=4007ft | VS=672fpm
2026-06-12 11:07:37,621 - INFO - t=10.2s | IAS=42.7kts (target=69.5) | Alt=4007ft | VS=688fpm
2026-06-12 11:07:37,646 - INFO - t=10.2s | IAS=42.0kts (target=69.6) | Alt=4007ft | VS=705fpm
2026-06-12 11:07:37,671 - INFO - t=10.2s | IAS=41.3kts (target=69.6) | Alt=4008ft | VS=724fpm
2026-06-12 11:07:37,698 - INFO - t=10.3s | IAS=40.7kts (target=69.7) | Alt=4008ft | VS=741fpm
2026-06-12 11:07:37,727 - INFO - t=10.3s | IAS=40.1kts (target=69.7) | Alt=4008ft | VS=751fpm
2026-06-12 11:07:37,752 - INFO - t=10.3s | IAS=39.4kts (target=69.8) | Alt=4009ft | VS=757fpm
2026-06-12 11:07:37,777 - INFO - t=10.3s | IAS=38.9kts (target=69.8) | Alt=4009ft | VS=756fpm
2026-06-12 11:07:37,804 - INFO - t=10.4s | IAS=38.3kts (target=69.9) | Alt=4009ft | VS=748fpm
2026-06-12 11:07:37,829 - INFO - t=10.4s | IAS=37.8kts (target=69.9) | Alt=4009ft | VS=734fpm
2026-06-12 11:07:37,855 - INFO - t=10.4s | IAS=37.3kts (target=70.0) | Alt=4010ft | VS=715fpm
2026-06-12 11:07:37,880 - INFO - t=10.4s | IAS=36.8kts (target=70.0) | Alt=4010ft | VS=695fpm
2026-06-12 11:07:37,908 - INFO - t=10.5s | IAS=36.3kts (target=70.1) | Alt=4010ft | VS=676fpm
2026-06-12 11:07:37,933 - INFO - t=10.5s | IAS=35.8kts (target=70.1) | Alt=4010ft | VS=659fpm
2026-06-12 11:07:37,958 - INFO - t=10.5s | IAS=35.3kts (target=70.2) | Alt=4011ft | VS=646fpm
2026-06-12 11:07:37,984 - INFO - t=10.5s | IAS=34.9kts (target=70.2) | Alt=4011ft | VS=638fpm
2026-06-12 11:07:38,012 - INFO - t=10.6s | IAS=34.4kts (target=70.3) | Alt=4011ft | VS=634fpm
2026-06-12 11:07:38,037 - INFO - t=10.6s | IAS=34.0kts (target=70.3) | Alt=4011ft | VS=633fpm
2026-06-12 11:07:38,063 - INFO - t=10.6s | IAS=33.5kts (target=70.4) | Alt=4012ft | VS=635fpm
2026-06-12 11:07:38,089 - INFO - t=10.6s | IAS=33.1kts (target=70.4) | Alt=4012ft | VS=645fpm
2026-06-12 11:07:38,118 - INFO - t=10.7s | IAS=32.7kts (target=70.5) | Alt=4012ft | VS=654fpm
2026-06-12 11:07:38,144 - INFO - t=10.7s | IAS=32.3kts (target=70.5) | Alt=4013ft | VS=665fpm
2026-06-12 11:07:38,171 - INFO - t=10.7s | IAS=31.9kts (target=70.6) | Alt=4013ft | VS=677fpm
2026-06-12 11:07:38,196 - INFO - t=10.8s | IAS=31.6kts (target=70.6) | Alt=4013ft | VS=689fpm
2026-06-12 11:07:38,222 - INFO - t=10.8s | IAS=31.3kts (target=70.7) | Alt=4013ft | VS=699fpm
2026-06-12 11:07:38,249 - INFO - t=10.8s | IAS=31.0kts (target=70.7) | Alt=4014ft | VS=707fpm
2026-06-12 11:07:38,276 - INFO - t=10.8s | IAS=30.6kts (target=70.8) | Alt=4014ft | VS=712fpm
2026-06-12 11:07:38,301 - INFO - t=10.9s | IAS=30.3kts (target=70.8) | Alt=4014ft | VS=716fpm
2026-06-12 11:07:38,327 - INFO - t=10.9s | IAS=30.0kts (target=70.9) | Alt=4015ft | VS=720fpm
2026-06-12 11:07:38,353 - INFO - t=10.9s | IAS=29.8kts (target=70.9) | Alt=4015ft | VS=724fpm
2026-06-12 11:07:38,378 - INFO - t=10.9s | IAS=29.5kts (target=71.0) | Alt=4015ft | VS=726fpm
2026-06-12 11:07:38,404 - INFO - t=11.0s | IAS=29.2kts (target=71.0) | Alt=4015ft | VS=725fpm
2026-06-12 11:07:38,431 - INFO - t=11.0s | IAS=28.9kts (target=71.1) | Alt=4016ft | VS=722fpm
2026-06-12 11:07:38,456 - INFO - t=11.0s | IAS=28.7kts (target=71.1) | Alt=4016ft | VS=717fpm
2026-06-12 11:07:38,483 - INFO - t=11.0s | IAS=28.4kts (target=71.2) | Alt=4016ft | VS=710fpm
2026-06-12 11:07:38,509 - INFO - t=11.1s | IAS=28.1kts (target=71.2) | Alt=4017ft | VS=703fpm
2026-06-12 11:07:38,535 - INFO - t=11.1s | IAS=27.9kts (target=71.3) | Alt=4017ft | VS=693fpm
2026-06-12 11:07:38,561 - INFO - t=11.1s | IAS=27.6kts (target=71.3) | Alt=4017ft | VS=682fpm
2026-06-12 11:07:38,589 - INFO - t=11.1s | IAS=27.4kts (target=71.4) | Alt=4017ft | VS=669fpm
2026-06-12 11:07:38,617 - INFO - t=11.2s | IAS=27.2kts (target=71.4) | Alt=4018ft | VS=657fpm
2026-06-12 11:07:38,647 - INFO - t=11.2s | IAS=27.0kts (target=71.5) | Alt=4018ft | VS=647fpm
2026-06-12 11:07:38,672 - INFO - t=11.2s | IAS=26.7kts (target=71.5) | Alt=4018ft | VS=641fpm
2026-06-12 11:07:38,699 - INFO - t=11.3s | IAS=26.6kts (target=71.6) | Alt=4018ft | VS=638fpm
2026-06-12 11:07:38,726 - INFO - t=11.3s | IAS=26.4kts (target=71.6) | Alt=4019ft | VS=639fpm
2026-06-12 11:07:38,753 - INFO - t=11.3s | IAS=26.2kts (target=71.7) | Alt=4019ft | VS=645fpm
2026-06-12 11:07:38,778 - INFO - t=11.3s | IAS=26.1kts (target=71.7) | Alt=4019ft | VS=657fpm
2026-06-12 11:07:38,803 - INFO - t=11.4s | IAS=25.9kts (target=71.8) | Alt=4020ft | VS=673fpm
2026-06-12 11:07:38,829 - INFO - t=11.4s | IAS=25.8kts (target=71.8) | Alt=4020ft | VS=689fpm
2026-06-12 11:07:38,855 - INFO - t=11.4s | IAS=25.7kts (target=71.9) | Alt=4020ft | VS=703fpm
2026-06-12 11:07:38,879 - INFO - t=11.4s | IAS=25.6kts (target=71.9) | Alt=4020ft | VS=715fpm
2026-06-12 11:07:38,904 - INFO - t=11.5s | IAS=25.5kts (target=72.0) | Alt=4021ft | VS=724fpm
2026-06-12 11:07:38,929 - INFO - t=11.5s | IAS=25.4kts (target=72.0) | Alt=4021ft | VS=729fpm
2026-06-12 11:07:38,956 - INFO - t=11.5s | IAS=25.3kts (target=72.1) | Alt=4021ft | VS=729fpm
2026-06-12 11:07:38,981 - INFO - t=11.5s | IAS=25.3kts (target=72.1) | Alt=4021ft | VS=725fpm
2026-06-12 11:07:39,007 - INFO - t=11.6s | IAS=25.2kts (target=72.2) | Alt=4022ft | VS=716fpm
2026-06-12 11:07:39,032 - INFO - t=11.6s | IAS=25.1kts (target=72.2) | Alt=4022ft | VS=705fpm
2026-06-12 11:07:39,058 - INFO - t=11.6s | IAS=25.1kts (target=72.3) | Alt=4022ft | VS=693fpm
2026-06-12 11:07:39,083 - INFO - t=11.6s | IAS=25.0kts (target=72.3) | Alt=4023ft | VS=682fpm
2026-06-12 11:07:39,110 - INFO - t=11.7s | IAS=24.9kts (target=72.4) | Alt=4023ft | VS=673fpm
2026-06-12 11:07:39,135 - INFO - t=11.7s | IAS=24.9kts (target=72.4) | Alt=4023ft | VS=667fpm
2026-06-12 11:07:39,161 - INFO - t=11.7s | IAS=24.8kts (target=72.5) | Alt=4023ft | VS=665fpm
2026-06-12 11:07:39,188 - INFO - t=11.7s | IAS=24.8kts (target=72.5) | Alt=4024ft | VS=666fpm
2026-06-12 11:07:39,213 - INFO - t=11.8s | IAS=24.7kts (target=72.6) | Alt=4024ft | VS=669fpm
2026-06-12 11:07:39,239 - INFO - t=11.8s | IAS=24.6kts (target=72.6) | Alt=4024ft | VS=673fpm
2026-06-12 11:07:39,267 - INFO - t=11.8s | IAS=24.6kts (target=72.7) | Alt=4024ft | VS=676fpm
2026-06-12 11:07:39,293 - INFO - t=11.9s | IAS=24.5kts (target=72.7) | Alt=4025ft | VS=677fpm
2026-06-12 11:07:39,319 - INFO - t=11.9s | IAS=24.4kts (target=72.8) | Alt=4025ft | VS=677fpm
2026-06-12 11:07:39,344 - INFO - t=11.9s | IAS=24.4kts (target=72.8) | Alt=4025ft | VS=674fpm
2026-06-12 11:07:39,371 - INFO - t=11.9s | IAS=24.3kts (target=72.9) | Alt=4025ft | VS=669fpm
2026-06-12 11:07:39,396 - INFO - t=12.0s | IAS=24.2kts (target=72.9) | Alt=4026ft | VS=662fpm
2026-06-12 11:07:39,421 - INFO - t=12.0s | IAS=24.2kts (target=73.0) | Alt=4026ft | VS=654fpm
2026-06-12 11:07:39,446 - INFO - t=12.0s | IAS=24.1kts (target=73.0) | Alt=4026ft | VS=645fpm
2026-06-12 11:07:39,472 - INFO - t=12.0s | IAS=24.0kts (target=73.1) | Alt=4026ft | VS=637fpm
2026-06-12 11:07:39,501 - INFO - t=12.1s | IAS=24.0kts (target=73.1) | Alt=4027ft | VS=629fpm
2026-06-12 11:07:39,526 - INFO - t=12.1s | IAS=23.9kts (target=73.2) | Alt=4027ft | VS=625fpm
2026-06-12 11:07:39,552 - INFO - t=12.1s | IAS=23.9kts (target=73.2) | Alt=4027ft | VS=617fpm
2026-06-12 11:07:39,578 - INFO - t=12.1s | IAS=23.8kts (target=73.3) | Alt=4027ft | VS=612fpm
2026-06-12 11:07:39,604 - INFO - t=12.2s | IAS=23.8kts (target=73.3) | Alt=4028ft | VS=608fpm
2026-06-12 11:07:39,629 - INFO - t=12.2s | IAS=23.7kts (target=73.4) | Alt=4028ft | VS=602fpm
2026-06-12 11:07:39,655 - INFO - t=12.2s | IAS=23.7kts (target=73.4) | Alt=4028ft | VS=595fpm
2026-06-12 11:07:39,682 - INFO - t=12.2s | IAS=23.7kts (target=73.5) | Alt=4028ft | VS=587fpm
2026-06-12 11:07:39,710 - INFO - t=12.3s | IAS=23.7kts (target=73.5) | Alt=4029ft | VS=579fpm
2026-06-12 11:07:39,735 - INFO - t=12.3s | IAS=23.7kts (target=73.6) | Alt=4029ft | VS=569fpm
2026-06-12 11:07:39,760 - INFO - t=12.3s | IAS=23.7kts (target=73.6) | Alt=4029ft | VS=560fpm
2026-06-12 11:07:39,788 - INFO - t=12.3s | IAS=23.8kts (target=73.7) | Alt=4029ft | VS=549fpm
2026-06-12 11:07:39,813 - INFO - t=12.4s | IAS=23.8kts (target=73.7) | Alt=4029ft | VS=538fpm
2026-06-12 11:07:39,839 - INFO - t=12.4s | IAS=23.8kts (target=73.8) | Alt=4030ft | VS=525fpm
2026-06-12 11:07:39,864 - INFO - t=12.4s | IAS=23.9kts (target=73.8) | Alt=4030ft | VS=510fpm
2026-06-12 11:07:39,893 - INFO - t=12.5s | IAS=23.9kts (target=73.9) | Alt=4030ft | VS=494fpm
2026-06-12 11:07:39,919 - INFO - t=12.5s | IAS=24.0kts (target=73.9) | Alt=4030ft | VS=476fpm
2026-06-12 11:07:39,944 - INFO - t=12.5s | IAS=24.1kts (target=74.0) | Alt=4030ft | VS=454fpm
2026-06-12 11:07:39,969 - INFO - t=12.5s | IAS=24.1kts (target=74.0) | Alt=4031ft | VS=432fpm
2026-06-12 11:07:39,997 - INFO - t=12.6s | IAS=24.2kts (target=74.1) | Alt=4031ft | VS=409fpm
2026-06-12 11:07:40,022 - INFO - t=12.6s | IAS=24.3kts (target=74.1) | Alt=4031ft | VS=383fpm
2026-06-12 11:07:40,050 - INFO - t=12.6s | IAS=24.3kts (target=74.2) | Alt=4031ft | VS=354fpm
2026-06-12 11:07:40,076 - INFO - t=12.6s | IAS=24.4kts (target=74.2) | Alt=4031ft | VS=323fpm
2026-06-12 11:07:40,104 - INFO - t=12.7s | IAS=24.5kts (target=74.3) | Alt=4031ft | VS=294fpm
2026-06-12 11:07:40,129 - INFO - t=12.7s | IAS=24.6kts (target=74.3) | Alt=4031ft | VS=261fpm
2026-06-12 11:07:40,155 - INFO - t=12.7s | IAS=24.6kts (target=74.4) | Alt=4031ft | VS=228fpm
2026-06-12 11:07:40,181 - INFO - t=12.7s | IAS=24.7kts (target=74.4) | Alt=4031ft | VS=194fpm
2026-06-12 11:07:40,211 - INFO - t=12.8s | IAS=24.8kts (target=74.5) | Alt=4031ft | VS=161fpm
2026-06-12 11:07:40,237 - INFO - t=12.8s | IAS=24.9kts (target=74.5) | Alt=4031ft | VS=121fpm
2026-06-12 11:07:40,264 - INFO - t=12.8s | IAS=24.9kts (target=74.6) | Alt=4031ft | VS=84fpm
2026-06-12 11:07:40,290 - INFO - t=12.8s | IAS=25.0kts (target=74.6) | Alt=4031ft | VS=47fpm
2026-06-12 11:07:40,318 - INFO - t=12.9s | IAS=25.1kts (target=74.7) | Alt=4031ft | VS=10fpm
2026-06-12 11:07:40,344 - INFO - t=12.9s | IAS=25.1kts (target=74.7) | Alt=4031ft | VS=-29fpm
2026-06-12 11:07:40,369 - INFO - t=12.9s | IAS=25.2kts (target=74.8) | Alt=4031ft | VS=-69fpm
2026-06-12 11:07:40,396 - INFO - t=13.0s | IAS=25.3kts (target=74.8) | Alt=4031ft | VS=-107fpm
2026-06-12 11:07:40,423 - INFO - t=13.0s | IAS=25.3kts (target=74.9) | Alt=4031ft | VS=-148fpm
2026-06-12 11:07:40,451 - INFO - t=13.0s | IAS=25.4kts (target=74.9) | Alt=4031ft | VS=-187fpm
2026-06-12 11:07:40,478 - INFO - t=13.0s | IAS=25.4kts (target=75.0) | Alt=4031ft | VS=-233fpm
2026-06-12 11:07:40,505 - INFO - t=13.1s | IAS=25.5kts (target=75.0) | Alt=4031ft | VS=-277fpm
2026-06-12 11:07:40,532 - INFO - t=13.1s | IAS=25.5kts (target=75.1) | Alt=4031ft | VS=-320fpm
2026-06-12 11:07:40,560 - INFO - t=13.1s | IAS=25.5kts (target=75.1) | Alt=4030ft | VS=-362fpm
2026-06-12 11:07:40,586 - INFO - t=13.1s | IAS=25.6kts (target=75.2) | Alt=4030ft | VS=-410fpm
2026-06-12 11:07:40,613 - INFO - t=13.2s | IAS=25.6kts (target=75.2) | Alt=4030ft | VS=-454fpm
2026-06-12 11:07:40,639 - INFO - t=13.2s | IAS=25.6kts (target=75.3) | Alt=4030ft | VS=-499fpm
2026-06-12 11:07:40,667 - INFO - t=13.2s | IAS=25.6kts (target=75.3) | Alt=4029ft | VS=-544fpm
2026-06-12 11:07:40,693 - INFO - t=13.3s | IAS=25.6kts (target=75.4) | Alt=4029ft | VS=-594fpm
2026-06-12 11:07:40,719 - INFO - t=13.3s | IAS=25.6kts (target=75.4) | Alt=4029ft | VS=-641fpm
2026-06-12 11:07:40,747 - INFO - t=13.3s | IAS=25.6kts (target=75.5) | Alt=4028ft | VS=-688fpm
2026-06-12 11:07:40,772 - INFO - t=13.3s | IAS=25.6kts (target=75.5) | Alt=4028ft | VS=-737fpm
2026-06-12 11:07:40,802 - INFO - t=13.4s | IAS=25.5kts (target=75.6) | Alt=4028ft | VS=-787fpm
2026-06-12 11:07:40,829 - INFO - t=13.4s | IAS=25.5kts (target=75.6) | Alt=4027ft | VS=-843fpm
2026-06-12 11:07:40,856 - INFO - t=13.4s | IAS=25.5kts (target=75.7) | Alt=4027ft | VS=-894fpm
2026-06-12 11:07:40,883 - INFO - t=13.4s | IAS=25.4kts (target=75.7) | Alt=4026ft | VS=-944fpm
2026-06-12 11:07:40,911 - INFO - t=13.5s | IAS=25.4kts (target=75.8) | Alt=4026ft | VS=-1000fpm
2026-06-12 11:07:40,937 - INFO - t=13.5s | IAS=25.3kts (target=75.8) | Alt=4025ft | VS=-1054fpm
2026-06-12 11:07:40,965 - INFO - t=13.5s | IAS=25.2kts (target=75.9) | Alt=4025ft | VS=-1106fpm
2026-06-12 11:07:40,991 - INFO - t=13.5s | IAS=25.2kts (target=75.9) | Alt=4024ft | VS=-1161fpm
2026-06-12 11:07:41,017 - INFO - t=13.6s | IAS=25.1kts (target=76.0) | Alt=4024ft | VS=-1214fpm
2026-06-12 11:07:41,044 - INFO - t=13.6s | IAS=25.0kts (target=76.0) | Alt=4023ft | VS=-1265fpm
2026-06-12 11:07:41,071 - INFO - t=13.6s | IAS=24.9kts (target=76.1) | Alt=4023ft | VS=-1317fpm
2026-06-12 11:07:41,097 - INFO - t=13.7s | IAS=24.8kts (target=76.1) | Alt=4022ft | VS=-1369fpm
2026-06-12 11:07:41,124 - INFO - t=13.7s | IAS=24.7kts (target=76.2) | Alt=4021ft | VS=-1423fpm
2026-06-12 11:07:41,150 - INFO - t=13.7s | IAS=24.6kts (target=76.2) | Alt=4021ft | VS=-1478fpm
2026-06-12 11:07:41,179 - INFO - t=13.7s | IAS=24.5kts (target=76.3) | Alt=4020ft | VS=-1532fpm
2026-06-12 11:07:41,204 - INFO - t=13.8s | IAS=24.3kts (target=76.3) | Alt=4019ft | VS=-1589fpm
2026-06-12 11:07:41,230 - INFO - t=13.8s | IAS=24.2kts (target=76.4) | Alt=4018ft | VS=-1645fpm
2026-06-12 11:07:41,257 - INFO - t=13.8s | IAS=24.0kts (target=76.4) | Alt=4018ft | VS=-1699fpm
2026-06-12 11:07:41,284 - INFO - t=13.8s | IAS=23.9kts (target=76.5) | Alt=4017ft | VS=-1755fpm
2026-06-12 11:07:41,311 - INFO - t=13.9s | IAS=23.7kts (target=76.5) | Alt=4016ft | VS=-1806fpm
2026-06-12 11:07:41,336 - INFO - t=13.9s | IAS=23.6kts (target=76.6) | Alt=4015ft | VS=-1861fpm
2026-06-12 11:07:41,362 - INFO - t=13.9s | IAS=23.4kts (target=76.6) | Alt=4014ft | VS=-1911fpm
2026-06-12 11:07:41,390 - INFO - t=13.9s | IAS=23.3kts (target=76.7) | Alt=4013ft | VS=-1964fpm
2026-06-12 11:07:41,416 - INFO - t=14.0s | IAS=23.1kts (target=76.7) | Alt=4012ft | VS=-2018fpm
2026-06-12 11:07:41,443 - INFO - t=14.0s | IAS=22.9kts (target=76.8) | Alt=4011ft | VS=-2071fpm
2026-06-12 11:07:41,469 - INFO - t=14.0s | IAS=22.8kts (target=76.8) | Alt=4010ft | VS=-2124fpm
2026-06-12 11:07:41,497 - INFO - t=14.1s | IAS=22.6kts (target=76.9) | Alt=4009ft | VS=-2172fpm
2026-06-12 11:07:41,523 - INFO - t=14.1s | IAS=22.4kts (target=76.9) | Alt=4008ft | VS=-2220fpm
2026-06-12 11:07:41,550 - INFO - t=14.1s | IAS=22.2kts (target=77.0) | Alt=4007ft | VS=-2269fpm
2026-06-12 11:07:41,575 - INFO - t=14.1s | IAS=22.0kts (target=77.0) | Alt=4006ft | VS=-2318fpm
2026-06-12 11:07:41,604 - INFO - t=14.2s | IAS=21.8kts (target=77.1) | Alt=4005ft | VS=-2364fpm
2026-06-12 11:07:41,629 - INFO - t=14.2s | IAS=21.6kts (target=77.1) | Alt=4004ft | VS=-2413fpm
2026-06-12 11:07:41,656 - INFO - t=14.2s | IAS=21.4kts (target=77.2) | Alt=4003ft | VS=-2462fpm
2026-06-12 11:07:41,684 - INFO - t=14.2s | IAS=21.2kts (target=77.2) | Alt=4002ft | VS=-2512fpm
2026-06-12 11:07:41,712 - INFO - t=14.3s | IAS=21.0kts (target=77.3) | Alt=4001ft | VS=-2565fpm
2026-06-12 11:07:41,737 - INFO - t=14.3s | IAS=20.7kts (target=77.3) | Alt=3999ft | VS=-2619fpm
2026-06-12 11:07:41,763 - INFO - t=14.3s | IAS=20.5kts (target=77.4) | Alt=3998ft | VS=-2674fpm
2026-06-12 11:07:41,790 - INFO - t=14.3s | IAS=20.3kts (target=77.4) | Alt=3997ft | VS=-2729fpm
2026-06-12 11:07:41,818 - INFO - t=14.4s | IAS=20.0kts (target=77.5) | Alt=3996ft | VS=-2793fpm
2026-06-12 11:07:41,844 - INFO - t=14.4s | IAS=19.8kts (target=77.5) | Alt=3994ft | VS=-2856fpm
2026-06-12 11:07:41,869 - INFO - t=14.4s | IAS=19.6kts (target=77.6) | Alt=3993ft | VS=-2919fpm
2026-06-12 11:07:41,895 - INFO - t=14.5s | IAS=19.4kts (target=77.6) | Alt=3992ft | VS=-2976fpm
2026-06-12 11:07:41,922 - INFO - t=14.5s | IAS=19.2kts (target=77.7) | Alt=3990ft | VS=-3034fpm
2026-06-12 11:07:41,950 - INFO - t=14.5s | IAS=19.0kts (target=77.7) | Alt=3989ft | VS=-3088fpm
2026-06-12 11:07:41,978 - INFO - t=14.5s | IAS=18.8kts (target=77.8) | Alt=3987ft | VS=-3149fpm
2026-06-12 11:07:42,004 - INFO - t=14.6s | IAS=18.5kts (target=77.8) | Alt=3986ft | VS=-3204fpm
2026-06-12 11:07:42,031 - INFO - t=14.6s | IAS=18.3kts (target=77.9) | Alt=3984ft | VS=-3256fpm
2026-06-12 11:07:42,058 - INFO - t=14.6s | IAS=18.0kts (target=77.9) | Alt=3983ft | VS=-3306fpm
2026-06-12 11:07:42,084 - INFO - t=14.6s | IAS=17.6kts (target=78.0) | Alt=3981ft | VS=-3360fpm
2026-06-12 11:07:42,110 - INFO - t=14.7s | IAS=17.3kts (target=78.0) | Alt=3980ft | VS=-3410fpm
2026-06-12 11:07:42,137 - INFO - t=14.7s | IAS=16.9kts (target=78.1) | Alt=3978ft | VS=-3457fpm
2026-06-12 11:07:42,164 - INFO - t=14.7s | IAS=16.4kts (target=78.1) | Alt=3977ft | VS=-3505fpm
2026-06-12 11:07:42,189 - INFO - t=14.7s | IAS=15.8kts (target=78.2) | Alt=3975ft | VS=-3557fpm
2026-06-12 11:07:42,217 - INFO - t=14.8s | IAS=15.3kts (target=78.2) | Alt=3973ft | VS=-3604fpm
2026-06-12 11:07:42,246 - INFO - t=14.8s | IAS=14.6kts (target=78.3) | Alt=3972ft | VS=-3657fpm
2026-06-12 11:07:42,272 - INFO - t=14.8s | IAS=13.9kts (target=78.3) | Alt=3970ft | VS=-3708fpm
2026-06-12 11:07:42,297 - INFO - t=14.9s | IAS=13.1kts (target=78.4) | Alt=3968ft | VS=-3759fpm
2026-06-12 11:07:42,325 - INFO - t=14.9s | IAS=12.3kts (target=78.4) | Alt=3967ft | VS=-3806fpm
2026-06-12 11:07:42,352 - INFO - t=14.9s | IAS=11.4kts (target=78.5) | Alt=3965ft | VS=-3858fpm
2026-06-12 11:07:42,377 - INFO - t=14.9s | IAS=10.5kts (target=78.5) | Alt=3963ft | VS=-3906fpm
2026-06-12 11:07:42,403 - INFO - t=15.0s | IAS=9.5kts (target=78.6) | Alt=3961ft | VS=-3955fpm
2026-06-12 11:07:42,429 - INFO - t=15.0s | IAS=8.6kts (target=78.6) | Alt=3960ft | VS=-4002fpm
2026-06-12 11:07:42,457 - INFO - t=15.0s | IAS=7.6kts (target=78.7) | Alt=3958ft | VS=-4047fpm
2026-06-12 11:07:42,484 - INFO - t=15.0s | IAS=6.6kts (target=78.7) | Alt=3956ft | VS=-4093fpm
2026-06-12 11:07:42,510 - INFO - t=15.1s | IAS=5.5kts (target=78.8) | Alt=3954ft | VS=-4131fpm
2026-06-12 11:07:42,536 - INFO - t=15.1s | IAS=4.5kts (target=78.8) | Alt=3952ft | VS=-4167fpm
2026-06-12 11:07:42,563 - INFO - t=15.1s | IAS=3.6kts (target=78.9) | Alt=3950ft | VS=-4205fpm
2026-06-12 11:07:42,589 - INFO - t=15.1s | IAS=2.7kts (target=78.9) | Alt=3949ft | VS=-4244fpm
2026-06-12 11:07:42,616 - INFO - t=15.2s | IAS=1.9kts (target=79.0) | Alt=3947ft | VS=-4287fpm
2026-06-12 11:07:42,643 - INFO - t=15.2s | IAS=1.1kts (target=79.0) | Alt=3945ft | VS=-4330fpm
2026-06-12 11:07:42,670 - INFO - t=15.2s | IAS=0.5kts (target=79.1) | Alt=3943ft | VS=-4379fpm
2026-06-12 11:07:42,696 - INFO - t=15.3s | IAS=-0.1kts (target=79.1) | Alt=3941ft | VS=-4424fpm
2026-06-12 11:07:42,721 - INFO - t=15.3s | IAS=-0.5kts (target=79.2) | Alt=3939ft | VS=-4472fpm
2026-06-12 11:07:42,748 - INFO - t=15.3s | IAS=-0.9kts (target=79.2) | Alt=3937ft | VS=-4518fpm
2026-06-12 11:07:42,775 - INFO - t=15.3s | IAS=-1.2kts (target=79.3) | Alt=3935ft | VS=-4567fpm
2026-06-12 11:07:42,801 - INFO - t=15.4s | IAS=-1.3kts (target=79.3) | Alt=3933ft | VS=-4613fpm
2026-06-12 11:07:42,829 - INFO - t=15.4s | IAS=-1.4kts (target=79.4) | Alt=3931ft | VS=-4662fpm
2026-06-12 11:07:42,855 - INFO - t=15.4s | IAS=-1.4kts (target=79.4) | Alt=3929ft | VS=-4708fpm
2026-06-12 11:07:42,884 - INFO - t=15.4s | IAS=-1.3kts (target=79.5) | Alt=3927ft | VS=-4751fpm
2026-06-12 11:07:42,913 - INFO - t=15.5s | IAS=-1.1kts (target=79.5) | Alt=3925ft | VS=-4793fpm
2026-06-12 11:07:42,939 - INFO - t=15.5s | IAS=-0.8kts (target=79.6) | Alt=3922ft | VS=-4835fpm
2026-06-12 11:07:42,966 - INFO - t=15.5s | IAS=-0.4kts (target=79.6) | Alt=3920ft | VS=-4871fpm
2026-06-12 11:07:42,996 - INFO - t=15.6s | IAS=0.0kts (target=79.7) | Alt=3918ft | VS=-4904fpm
2026-06-12 11:07:43,023 - INFO - t=15.6s | IAS=0.6kts (target=79.7) | Alt=3916ft | VS=-4935fpm
2026-06-12 11:07:43,051 - INFO - t=15.6s | IAS=1.1kts (target=79.8) | Alt=3913ft | VS=-4964fpm
2026-06-12 11:07:43,077 - INFO - t=15.6s | IAS=1.8kts (target=79.8) | Alt=3911ft | VS=-4990fpm
2026-06-12 11:07:43,105 - INFO - t=15.7s | IAS=2.4kts (target=79.9) | Alt=3909ft | VS=-5013fpm
2026-06-12 11:07:43,130 - INFO - t=15.7s | IAS=3.0kts (target=79.9) | Alt=3907ft | VS=-5036fpm
2026-06-12 11:07:43,159 - INFO - t=15.7s | IAS=3.7kts (target=80.0) | Alt=3904ft | VS=-5058fpm
2026-06-12 11:07:43,187 - INFO - t=15.7s | IAS=4.5kts (target=80.0) | Alt=3902ft | VS=-5082fpm
2026-06-12 11:07:43,215 - INFO - t=15.8s | IAS=5.3kts (target=80.1) | Alt=3900ft | VS=-5106fpm
2026-06-12 11:07:43,243 - INFO - t=15.8s | IAS=6.1kts (target=80.1) | Alt=3897ft | VS=-5130fpm
2026-06-12 11:07:43,269 - INFO - t=15.8s | IAS=7.0kts (target=80.2) | Alt=3895ft | VS=-5158fpm
2026-06-12 11:07:43,294 - INFO - t=15.9s | IAS=7.8kts (target=80.2) | Alt=3893ft | VS=-5184fpm
2026-06-12 11:07:43,321 - INFO - t=15.9s | IAS=8.6kts (target=80.3) | Alt=3891ft | VS=-5209fpm
2026-06-12 11:07:43,348 - INFO - t=15.9s | IAS=9.4kts (target=80.3) | Alt=3888ft | VS=-5236fpm
2026-06-12 11:07:43,374 - INFO - t=15.9s | IAS=10.4kts (target=80.4) | Alt=3886ft | VS=-5266fpm
2026-06-12 11:07:43,402 - INFO - t=16.0s | IAS=11.3kts (target=80.4) | Alt=3884ft | VS=-5295fpm
2026-06-12 11:07:43,429 - INFO - t=16.0s | IAS=12.3kts (target=80.5) | Alt=3881ft | VS=-5329fpm
2026-06-12 11:07:43,454 - INFO - t=16.0s | IAS=13.3kts (target=80.5) | Alt=3879ft | VS=-5360fpm
2026-06-12 11:07:43,480 - INFO - t=16.0s | IAS=14.3kts (target=80.6) | Alt=3877ft | VS=-5395fpm
2026-06-12 11:07:43,507 - INFO - t=16.1s | IAS=15.3kts (target=80.6) | Alt=3874ft | VS=-5429fpm
2026-06-12 11:07:43,536 - INFO - t=16.1s | IAS=16.5kts (target=80.7) | Alt=3872ft | VS=-5468fpm
2026-06-12 11:07:43,565 - INFO - t=16.1s | IAS=17.6kts (target=80.7) | Alt=3869ft | VS=-5511fpm
2026-06-12 11:07:43,591 - INFO - t=16.2s | IAS=18.9kts (target=80.8) | Alt=3867ft | VS=-5558fpm
2026-06-12 11:07:43,617 - INFO - t=16.2s | IAS=20.1kts (target=80.8) | Alt=3864ft | VS=-5603fpm
2026-06-12 11:07:43,646 - INFO - t=16.2s | IAS=21.3kts (target=80.9) | Alt=3862ft | VS=-5647fpm
2026-06-12 11:07:43,674 - INFO - t=16.2s | IAS=22.6kts (target=80.9) | Alt=3859ft | VS=-5695fpm
2026-06-12 11:07:43,701 - INFO - t=16.3s | IAS=23.9kts (target=81.0) | Alt=3856ft | VS=-5745fpm
2026-06-12 11:07:43,729 - INFO - t=16.3s | IAS=25.2kts (target=81.0) | Alt=3854ft | VS=-5792fpm
2026-06-12 11:07:43,757 - INFO - t=16.3s | IAS=26.6kts (target=81.1) | Alt=3851ft | VS=-5841fpm
2026-06-12 11:07:43,784 - INFO - t=16.3s | IAS=27.8kts (target=81.1) | Alt=3849ft | VS=-5888fpm
2026-06-12 11:07:43,811 - INFO - t=16.4s | IAS=29.2kts (target=81.2) | Alt=3846ft | VS=-5938fpm
2026-06-12 11:07:43,838 - INFO - t=16.4s | IAS=30.5kts (target=81.2) | Alt=3843ft | VS=-5986fpm
2026-06-12 11:07:43,865 - INFO - t=16.4s | IAS=31.7kts (target=81.3) | Alt=3840ft | VS=-6032fpm
2026-06-12 11:07:43,893 - INFO - t=16.5s | IAS=33.0kts (target=81.3) | Alt=3838ft | VS=-6077fpm
2026-06-12 11:07:43,919 - INFO - t=16.5s | IAS=34.3kts (target=81.4) | Alt=3835ft | VS=-6127fpm
2026-06-12 11:07:43,947 - INFO - t=16.5s | IAS=35.5kts (target=81.4) | Alt=3832ft | VS=-6173fpm
2026-06-12 11:07:43,977 - INFO - t=16.5s | IAS=36.8kts (target=81.5) | Alt=3829ft | VS=-6222fpm
2026-06-12 11:07:44,003 - INFO - t=16.6s | IAS=38.0kts (target=81.5) | Alt=3826ft | VS=-6272fpm
2026-06-12 11:07:44,029 - INFO - t=16.6s | IAS=39.2kts (target=81.6) | Alt=3824ft | VS=-6321fpm
2026-06-12 11:07:44,055 - INFO - t=16.6s | IAS=40.3kts (target=81.6) | Alt=3821ft | VS=-6368fpm
2026-06-12 11:07:44,082 - INFO - t=16.6s | IAS=41.4kts (target=81.7) | Alt=3818ft | VS=-6415fpm
2026-06-12 11:07:44,109 - INFO - t=16.7s | IAS=42.4kts (target=81.7) | Alt=3815ft | VS=-6462fpm
2026-06-12 11:07:44,135 - INFO - t=16.7s | IAS=43.5kts (target=81.8) | Alt=3812ft | VS=-6516fpm
2026-06-12 11:07:44,163 - INFO - t=16.7s | IAS=44.4kts (target=81.8) | Alt=3809ft | VS=-6565fpm
2026-06-12 11:07:44,190 - INFO - t=16.7s | IAS=45.4kts (target=81.9) | Alt=3807ft | VS=-6616fpm
2026-06-12 11:07:44,217 - INFO - t=16.8s | IAS=46.3kts (target=81.9) | Alt=3804ft | VS=-6665fpm
2026-06-12 11:07:44,243 - INFO - t=16.8s | IAS=47.3kts (target=82.0) | Alt=3801ft | VS=-6719fpm
2026-06-12 11:07:44,269 - INFO - t=16.8s | IAS=48.1kts (target=82.0) | Alt=3798ft | VS=-6769fpm
2026-06-12 11:07:44,297 - INFO - t=16.9s | IAS=48.9kts (target=82.1) | Alt=3795ft | VS=-6820fpm
2026-06-12 11:07:44,322 - INFO - t=16.9s | IAS=49.7kts (target=82.1) | Alt=3792ft | VS=-6870fpm
2026-06-12 11:07:44,348 - INFO - t=16.9s | IAS=50.5kts (target=82.2) | Alt=3789ft | VS=-6921fpm
2026-06-12 11:07:44,384 - INFO - t=16.9s | IAS=51.2kts (target=82.2) | Alt=3786ft | VS=-6967fpm
2026-06-12 11:07:44,443 - INFO - t=17.0s | IAS=52.4kts (target=82.3) | Alt=3781ft | VS=-7036fpm
2026-06-12 11:07:44,484 - INFO - t=17.0s | IAS=53.7kts (target=82.3) | Alt=3775ft | VS=-7121fpm
2026-06-12 11:07:44,518 - INFO - t=17.1s | IAS=54.9kts (target=82.4) | Alt=3769ft | VS=-7211fpm
2026-06-12 11:07:44,553 - INFO - t=17.1s | IAS=54.9kts (target=82.4) | Alt=3769ft | VS=-7211fpm
2026-06-12 11:07:44,586 - INFO - t=17.1s | IAS=54.9kts (target=82.5) | Alt=3769ft | VS=-7211fpm
2026-06-12 11:07:44,614 - INFO - t=17.2s | IAS=54.9kts (target=82.5) | Alt=3769ft | VS=-7211fpm
2026-06-12 11:07:44,641 - INFO - t=17.2s | IAS=54.9kts (target=82.6) | Alt=3769ft | VS=-7211fpm
2026-06-12 11:07:44,671 - INFO - t=17.2s | IAS=54.9kts (target=82.6) | Alt=3769ft | VS=-7211fpm
2026-06-12 11:07:44,703 - INFO - t=17.3s | IAS=54.9kts (target=82.7) | Alt=3769ft | VS=-7211fpm
2026-06-12 11:07:44,728 - INFO - t=17.3s | IAS=54.9kts (target=82.7) | Alt=3769ft | VS=-7211fpm
2026-06-12 11:07:44,756 - INFO - t=17.3s | IAS=54.9kts (target=82.8) | Alt=3769ft | VS=-7211fpm
2026-06-12 11:07:44,783 - INFO - t=17.3s | IAS=54.9kts (target=82.8) | Alt=3769ft | VS=-7211fpm
2026-06-12 11:07:44,807 - INFO - t=17.4s | IAS=54.9kts (target=82.9) | Alt=3769ft | VS=-7211fpm
2026-06-12 11:07:44,836 - INFO - t=17.4s | IAS=54.9kts (target=82.9) | Alt=3769ft | VS=-7211fpm
2026-06-12 11:07:44,859 - INFO - t=17.4s | IAS=54.9kts (target=83.0) | Alt=3769ft | VS=-7211fpm
2026-06-12 11:07:44,882 - INFO - t=17.4s | IAS=54.9kts (target=83.0) | Alt=3769ft | VS=-7211fpm
2026-06-12 11:07:44,907 - INFO - t=17.5s | IAS=54.9kts (target=83.1) | Alt=3769ft | VS=-7211fpm
2026-06-12 11:07:44,930 - INFO - t=17.5s | IAS=54.9kts (target=83.1) | Alt=3769ft | VS=-7211fpm
2026-06-12 11:07:44,953 - INFO - t=17.5s | IAS=54.9kts (target=83.2) | Alt=3769ft | VS=-7211fpm
2026-06-12 11:07:44,976 - INFO - t=17.5s | IAS=54.9kts (target=83.2) | Alt=3769ft | VS=-7211fpm
2026-06-12 11:07:44,999 - INFO - t=17.6s | IAS=54.9kts (target=83.3) | Alt=3769ft | VS=-7211fpm
2026-06-12 11:07:45,021 - INFO - t=17.6s | IAS=54.9kts (target=83.3) | Alt=3769ft | VS=-7211fpm
2026-06-12 11:07:45,047 - INFO - t=17.6s | IAS=54.9kts (target=83.4) | Alt=3769ft | VS=-7211fpm
2026-06-12 11:07:45,070 - INFO - t=17.6s | IAS=54.9kts (target=83.4) | Alt=3769ft | VS=-7211fpm
2026-06-12 11:07:45,094 - INFO - t=17.7s | IAS=54.9kts (target=83.5) | Alt=3769ft | VS=-7211fpm
2026-06-12 11:07:45,120 - INFO - t=17.7s | IAS=54.9kts (target=83.5) | Alt=3769ft | VS=-7211fpm
2026-06-12 11:07:45,147 - INFO - t=17.7s | IAS=54.9kts (target=83.6) | Alt=3769ft | VS=-7211fpm
2026-06-12 11:07:45,171 - INFO - t=17.7s | IAS=54.9kts (target=83.6) | Alt=3769ft | VS=-7211fpm
2026-06-12 11:07:45,195 - INFO - t=17.8s | IAS=54.9kts (target=83.7) | Alt=3769ft | VS=-7211fpm
2026-06-12 11:07:45,219 - INFO - t=17.8s | IAS=54.9kts (target=83.7) | Alt=3769ft | VS=-7211fpm
2026-06-12 11:07:45,242 - INFO - t=17.8s | IAS=54.9kts (target=83.8) | Alt=3769ft | VS=-7211fpm
2026-06-12 11:07:45,266 - INFO - t=17.8s | IAS=54.9kts (target=83.8) | Alt=3769ft | VS=-7211fpm
2026-06-12 11:07:45,289 - INFO - t=17.8s | IAS=54.9kts (target=83.9) | Alt=3769ft | VS=-7211fpm
2026-06-12 11:07:45,313 - INFO - t=17.9s | IAS=54.9kts (target=83.9) | Alt=3769ft | VS=-7211fpm
2026-06-12 11:07:45,337 - INFO - t=17.9s | IAS=54.9kts (target=84.0) | Alt=3769ft | VS=-7211fpm
2026-06-12 11:07:45,360 - INFO - t=17.9s | IAS=54.9kts (target=84.0) | Alt=3769ft | VS=-7211fpm
2026-06-12 11:07:45,384 - INFO - t=17.9s | IAS=54.9kts (target=84.1) | Alt=3769ft | VS=-7211fpm
2026-06-12 11:07:45,409 - INFO - t=18.0s | IAS=54.9kts (target=84.1) | Alt=3769ft | VS=-7211fpm
2026-06-12 11:07:45,433 - INFO - t=18.0s | IAS=54.9kts (target=84.2) | Alt=3769ft | VS=-7211fpm
2026-06-12 11:07:45,457 - INFO - t=18.0s | IAS=54.9kts (target=84.2) | Alt=3769ft | VS=-7211fpm
2026-06-12 11:07:45,480 - INFO - t=18.0s | IAS=54.9kts (target=84.3) | Alt=3769ft | VS=-7211fpm
2026-06-12 11:07:45,504 - INFO - t=18.1s | IAS=54.9kts (target=84.3) | Alt=3769ft | VS=-7211fpm
2026-06-12 11:07:45,528 - INFO - t=18.1s | IAS=54.9kts (target=84.4) | Alt=3769ft | VS=-7211fpm
2026-06-12 11:07:45,552 - INFO - t=18.1s | IAS=54.9kts (target=84.4) | Alt=3769ft | VS=-7211fpm
2026-06-12 11:07:45,575 - INFO - t=18.1s | IAS=54.9kts (target=84.5) | Alt=3769ft | VS=-7211fpm
2026-06-12 11:07:45,599 - INFO - t=18.2s | IAS=54.9kts (target=84.5) | Alt=3769ft | VS=-7211fpm
2026-06-12 11:07:45,623 - INFO - t=18.2s | IAS=54.9kts (target=84.6) | Alt=3769ft | VS=-7211fpm
2026-06-12 11:07:45,646 - INFO - t=18.2s | IAS=54.9kts (target=84.6) | Alt=3769ft | VS=-7211fpm
2026-06-12 11:07:45,670 - INFO - t=18.2s | IAS=54.9kts (target=84.7) | Alt=3769ft | VS=-7211fpm
2026-06-12 11:07:45,693 - INFO - t=18.3s | IAS=54.9kts (target=84.7) | Alt=3769ft | VS=-7211fpm
2026-06-12 11:07:45,717 - INFO - t=18.3s | IAS=54.9kts (target=84.8) | Alt=3769ft | VS=-7211fpm
2026-06-12 11:07:45,741 - INFO - t=18.3s | IAS=54.9kts (target=84.8) | Alt=3769ft | VS=-7211fpm
2026-06-12 11:07:45,764 - INFO - t=18.3s | IAS=54.9kts (target=84.9) | Alt=3769ft | VS=-7211fpm
2026-06-12 11:07:45,788 - INFO - t=18.3s | IAS=54.9kts (target=84.9) | Alt=3769ft | VS=-7211fpm
2026-06-12 11:07:45,811 - INFO - t=18.4s | IAS=54.9kts (target=85.0) | Alt=3769ft | VS=-7211fpm
2026-06-12 11:07:45,835 - INFO - t=18.4s | IAS=54.9kts (target=85.0) | Alt=3769ft | VS=-7211fpm
2026-06-12 11:07:45,858 - INFO - t=18.4s | IAS=54.9kts (target=85.1) | Alt=3769ft | VS=-7211fpm
2026-06-12 11:07:45,882 - INFO - t=18.4s | IAS=54.9kts (target=85.1) | Alt=3769ft | VS=-7211fpm
2026-06-12 11:07:45,905 - INFO - t=18.5s | IAS=54.9kts (target=85.2) | Alt=3769ft | VS=-7211fpm
2026-06-12 11:07:45,929 - INFO - t=18.5s | IAS=54.9kts (target=85.2) | Alt=3769ft | VS=-7211fpm
2026-06-12 11:07:45,953 - INFO - t=18.5s | IAS=54.9kts (target=85.3) | Alt=3769ft | VS=-7211fpm
2026-06-12 11:07:45,976 - INFO - t=18.5s | IAS=54.9kts (target=85.3) | Alt=3769ft | VS=-7211fpm
2026-06-12 11:07:46,000 - INFO - t=18.6s | IAS=54.9kts (target=85.4) | Alt=3769ft | VS=-7211fpm
2026-06-12 11:07:46,023 - INFO - t=18.6s | IAS=54.9kts (target=85.4) | Alt=3769ft | VS=-7211fpm
2026-06-12 11:07:46,047 - INFO - t=18.6s | IAS=54.9kts (target=85.5) | Alt=3769ft | VS=-7211fpm
2026-06-12 11:07:46,071 - INFO - t=18.6s | IAS=54.9kts (target=85.5) | Alt=3769ft | VS=-7211fpm
2026-06-12 11:07:46,094 - INFO - t=18.7s | IAS=54.9kts (target=85.6) | Alt=3769ft | VS=-7211fpm
2026-06-12 11:07:46,117 - INFO - t=18.7s | IAS=54.9kts (target=85.6) | Alt=3769ft | VS=-7211fpm
2026-06-12 11:07:46,141 - INFO - t=18.7s | IAS=54.9kts (target=85.7) | Alt=3769ft | VS=-7211fpm
2026-06-12 11:07:46,164 - INFO - t=18.7s | IAS=54.9kts (target=85.7) | Alt=3769ft | VS=-7211fpm
2026-06-12 11:07:46,188 - INFO - t=18.7s | IAS=54.9kts (target=85.8) | Alt=3769ft | VS=-7211fpm
2026-06-12 11:07:46,211 - INFO - t=18.8s | IAS=54.9kts (target=85.8) | Alt=3769ft | VS=-7211fpm
2026-06-12 11:07:46,235 - INFO - t=18.8s | IAS=54.9kts (target=85.9) | Alt=3769ft | VS=-7211fpm
2026-06-12 11:07:46,259 - INFO - t=18.8s | IAS=54.9kts (target=85.9) | Alt=3769ft | VS=-7211fpm
2026-06-12 11:07:46,282 - INFO - t=18.8s | IAS=54.9kts (target=86.0) | Alt=3769ft | VS=-7211fpm
2026-06-12 11:07:46,306 - INFO - t=18.9s | IAS=54.9kts (target=86.0) | Alt=3769ft | VS=-7211fpm
2026-06-12 11:07:46,329 - INFO - t=18.9s | IAS=54.9kts (target=86.1) | Alt=3769ft | VS=-7211fpm
2026-06-12 11:07:46,353 - INFO - t=18.9s | IAS=54.9kts (target=86.1) | Alt=3769ft | VS=-7211fpm
2026-06-12 11:07:46,377 - INFO - t=18.9s | IAS=54.9kts (target=86.2) | Alt=3769ft | VS=-7211fpm
2026-06-12 11:07:46,400 - INFO - t=19.0s | IAS=54.9kts (target=86.2) | Alt=3769ft | VS=-7211fpm
2026-06-12 11:07:46,424 - INFO - t=19.0s | IAS=54.9kts (target=86.3) | Alt=3769ft | VS=-7211fpm
2026-06-12 11:07:46,447 - INFO - t=19.0s | IAS=54.9kts (target=86.3) | Alt=3769ft | VS=-7211fpm
2026-06-12 11:07:46,471 - INFO - t=19.0s | IAS=54.9kts (target=86.4) | Alt=3769ft | VS=-7211fpm
2026-06-12 11:07:46,494 - INFO - t=19.1s | IAS=54.9kts (target=86.4) | Alt=3769ft | VS=-7211fpm
2026-06-12 11:07:46,518 - INFO - t=19.1s | IAS=54.9kts (target=86.5) | Alt=3769ft | VS=-7211fpm
2026-06-12 11:07:46,541 - INFO - t=19.1s | IAS=54.9kts (target=86.5) | Alt=3769ft | VS=-7211fpm
2026-06-12 11:07:46,565 - INFO - t=19.1s | IAS=54.9kts (target=86.6) | Alt=3769ft | VS=-7211fpm
2026-06-12 11:07:46,588 - INFO - t=19.1s | IAS=54.9kts (target=86.6) | Alt=3769ft | VS=-7211fpm
2026-06-12 11:07:46,612 - INFO - t=19.2s | IAS=54.9kts (target=86.7) | Alt=3769ft | VS=-7211fpm
2026-06-12 11:07:46,636 - INFO - t=19.2s | IAS=54.9kts (target=86.7) | Alt=3769ft | VS=-7211fpm
2026-06-12 11:07:46,659 - INFO - t=19.2s | IAS=54.9kts (target=86.8) | Alt=3769ft | VS=-7211fpm
2026-06-12 11:07:46,683 - INFO - t=19.2s | IAS=54.9kts (target=86.8) | Alt=3769ft | VS=-7211fpm
2026-06-12 11:07:46,706 - INFO - t=19.3s | IAS=54.9kts (target=86.9) | Alt=3769ft | VS=-7211fpm
2026-06-12 11:07:46,730 - INFO - t=19.3s | IAS=54.9kts (target=86.9) | Alt=3769ft | VS=-7211fpm
2026-06-12 11:07:46,754 - INFO - t=19.3s | IAS=54.9kts (target=87.0) | Alt=3769ft | VS=-7211fpm
2026-06-12 11:07:46,778 - INFO - t=19.3s | IAS=54.9kts (target=87.0) | Alt=3769ft | VS=-7211fpm
2026-06-12 11:07:46,801 - INFO - t=19.4s | IAS=54.9kts (target=87.1) | Alt=3769ft | VS=-7211fpm
2026-06-12 11:07:46,825 - INFO - t=19.4s | IAS=54.9kts (target=87.1) | Alt=3769ft | VS=-7211fpm
2026-06-12 11:07:46,849 - INFO - t=19.4s | IAS=54.9kts (target=87.2) | Alt=3769ft | VS=-7211fpm
2026-06-12 11:07:46,873 - INFO - t=19.4s | IAS=54.9kts (target=87.2) | Alt=3769ft | VS=-7211fpm
2026-06-12 11:07:46,897 - INFO - t=19.5s | IAS=54.9kts (target=87.3) | Alt=3769ft | VS=-7211fpm
2026-06-12 11:07:46,920 - INFO - t=19.5s | IAS=54.9kts (target=87.3) | Alt=3769ft | VS=-7211fpm
2026-06-12 11:07:46,944 - INFO - t=19.5s | IAS=54.9kts (target=87.4) | Alt=3769ft | VS=-7211fpm
2026-06-12 11:07:46,969 - INFO - t=19.5s | IAS=54.9kts (target=87.4) | Alt=3769ft | VS=-7211fpm
2026-06-12 11:07:46,994 - INFO - t=19.6s | IAS=54.9kts (target=87.5) | Alt=3769ft | VS=-7211fpm
2026-06-12 11:07:47,020 - INFO - t=19.6s | IAS=54.9kts (target=87.5) | Alt=3769ft | VS=-7211fpm
2026-06-12 11:07:47,045 - INFO - t=19.6s | IAS=54.9kts (target=87.6) | Alt=3769ft | VS=-7211fpm
2026-06-12 11:07:47,070 - INFO - t=19.6s | IAS=54.9kts (target=87.6) | Alt=3769ft | VS=-7211fpm
2026-06-12 11:07:47,095 - INFO - t=19.7s | IAS=54.9kts (target=87.7) | Alt=3769ft | VS=-7211fpm
2026-06-12 11:07:47,121 - INFO - t=19.7s | IAS=54.9kts (target=87.7) | Alt=3769ft | VS=-7211fpm
2026-06-12 11:07:47,146 - INFO - t=19.7s | IAS=54.9kts (target=87.8) | Alt=3769ft | VS=-7211fpm
2026-06-12 11:07:47,172 - INFO - t=19.7s | IAS=54.9kts (target=87.8) | Alt=3769ft | VS=-7211fpm
2026-06-12 11:07:47,198 - INFO - t=19.8s | IAS=54.9kts (target=87.9) | Alt=3769ft | VS=-7211fpm
2026-06-12 11:07:47,224 - INFO - t=19.8s | IAS=54.9kts (target=87.9) | Alt=3769ft | VS=-7211fpm
2026-06-12 11:07:47,250 - INFO - t=19.8s | IAS=54.9kts (target=88.0) | Alt=3769ft | VS=-7211fpm
2026-06-12 11:07:47,275 - INFO - t=19.8s | IAS=54.9kts (target=88.0) | Alt=3769ft | VS=-7211fpm
2026-06-12 11:07:47,301 - INFO - t=19.9s | IAS=54.9kts (target=88.1) | Alt=3769ft | VS=-7211fpm
2026-06-12 11:07:47,326 - INFO - t=19.9s | IAS=54.9kts (target=88.1) | Alt=3769ft | VS=-7211fpm
2026-06-12 11:07:47,351 - INFO - t=19.9s | IAS=54.9kts (target=88.2) | Alt=3769ft | VS=-7211fpm
2026-06-12 11:07:47,376 - INFO - t=19.9s | IAS=54.9kts (target=88.2) | Alt=3769ft | VS=-7211fpm
2026-06-12 11:07:47,402 - INFO - t=20.0s | IAS=54.9kts (target=88.3) | Alt=3769ft | VS=-7211fpm
2026-06-12 11:07:47,427 - INFO - t=20.0s | IAS=54.9kts (target=88.3) | Alt=3769ft | VS=-7211fpm
2026-06-12 11:07:47,453 - INFO - t=20.0s | IAS=54.9kts (target=88.4) | Alt=3769ft | VS=-7211fpm
2026-06-12 11:07:47,479 - INFO - t=20.0s | IAS=54.9kts (target=88.4) | Alt=3769ft | VS=-7211fpm
2026-06-12 11:07:47,505 - INFO - t=20.1s | IAS=54.9kts (target=88.5) | Alt=3769ft | VS=-7211fpm
2026-06-12 11:07:47,530 - INFO - t=20.1s | IAS=54.9kts (target=88.5) | Alt=3769ft | VS=-7211fpm
2026-06-12 11:07:47,556 - INFO - t=20.1s | IAS=54.9kts (target=88.6) | Alt=3769ft | VS=-7211fpm
2026-06-12 11:07:47,582 - INFO - t=20.1s | IAS=54.9kts (target=88.6) | Alt=3769ft | VS=-7211fpm
2026-06-12 11:07:47,607 - INFO - t=20.2s | IAS=54.9kts (target=88.7) | Alt=3769ft | VS=-7211fpm
2026-06-12 11:07:47,633 - INFO - t=20.2s | IAS=54.9kts (target=88.7) | Alt=3769ft | VS=-7211fpm
2026-06-12 11:07:47,659 - INFO - t=20.2s | IAS=54.9kts (target=88.8) | Alt=3769ft | VS=-7211fpm
2026-06-12 11:07:47,685 - INFO - t=20.2s | IAS=54.9kts (target=88.8) | Alt=3769ft | VS=-7211fpm
2026-06-12 11:07:47,710 - INFO - t=20.3s | IAS=54.9kts (target=88.9) | Alt=3769ft | VS=-7211fpm
2026-06-12 11:07:47,735 - INFO - t=20.3s | IAS=54.9kts (target=88.9) | Alt=3769ft | VS=-7211fpm
2026-06-12 11:07:47,761 - INFO - t=20.3s | IAS=54.9kts (target=89.0) | Alt=3769ft | VS=-7211fpm
2026-06-12 11:07:47,787 - INFO - t=20.3s | IAS=54.9kts (target=89.0) | Alt=3769ft | VS=-7211fpm
2026-06-12 11:07:47,920 - INFO - Archivo CSV cerrado
2026-06-12 11:19:34,995 - INFO - Heading de referencia: 7.8°
2026-06-12 11:19:35,020 - INFO - t=0.0s | IAS=0.9kts (target=50.0) | Alt=4425ft | VS=-2689fpm
2026-06-12 11:19:35,044 - INFO - t=0.0s | IAS=0.9kts (target=50.1) | Alt=4424ft | VS=-2709fpm
2026-06-12 11:19:35,068 - INFO - t=0.1s | IAS=1.0kts (target=50.1) | Alt=4423ft | VS=-2666fpm
2026-06-12 11:19:35,094 - INFO - t=0.1s | IAS=1.0kts (target=50.2) | Alt=4422ft | VS=-2604fpm
2026-06-12 11:19:35,119 - INFO - t=0.1s | IAS=1.0kts (target=50.2) | Alt=4421ft | VS=-2522fpm
2026-06-12 11:19:35,145 - INFO - t=0.1s | IAS=1.0kts (target=50.3) | Alt=4420ft | VS=-2447fpm
2026-06-12 11:19:35,169 - INFO - t=0.2s | IAS=1.1kts (target=50.3) | Alt=4419ft | VS=-2372fpm
2026-06-12 11:19:35,212 - INFO - t=0.2s | IAS=1.1kts (target=50.4) | Alt=4417ft | VS=-2242fpm
2026-06-12 11:19:35,235 - INFO - t=0.2s | IAS=1.2kts (target=50.4) | Alt=4417ft | VS=-2179fpm
2026-06-12 11:19:35,261 - INFO - t=0.3s | IAS=1.2kts (target=50.5) | Alt=4416ft | VS=-2115fpm
2026-06-12 11:19:35,284 - INFO - t=0.3s | IAS=1.3kts (target=50.5) | Alt=4415ft | VS=-2052fpm
2026-06-12 11:19:35,310 - INFO - t=0.3s | IAS=1.3kts (target=50.6) | Alt=4414ft | VS=-1997fpm
2026-06-12 11:19:35,334 - INFO - t=0.3s | IAS=1.4kts (target=50.6) | Alt=4413ft | VS=-1943fpm
2026-06-12 11:19:35,360 - INFO - t=0.4s | IAS=1.4kts (target=50.7) | Alt=4412ft | VS=-1895fpm
2026-06-12 11:19:35,384 - INFO - t=0.4s | IAS=1.5kts (target=50.7) | Alt=4412ft | VS=-1850fpm
2026-06-12 11:19:35,410 - INFO - t=0.4s | IAS=1.6kts (target=50.8) | Alt=4411ft | VS=-1811fpm
2026-06-12 11:19:35,435 - INFO - t=0.4s | IAS=1.7kts (target=50.8) | Alt=4410ft | VS=-1775fpm
2026-06-12 11:19:35,460 - INFO - t=0.5s | IAS=1.7kts (target=50.9) | Alt=4409ft | VS=-1741fpm
2026-06-12 11:19:35,484 - INFO - t=0.5s | IAS=1.8kts (target=50.9) | Alt=4409ft | VS=-1711fpm
2026-06-12 11:19:35,512 - INFO - t=0.5s | IAS=1.9kts (target=51.0) | Alt=4408ft | VS=-1684fpm
2026-06-12 11:19:35,537 - INFO - t=0.5s | IAS=2.0kts (target=51.0) | Alt=4407ft | VS=-1657fpm
2026-06-12 11:19:35,562 - INFO - t=0.6s | IAS=2.1kts (target=51.1) | Alt=4406ft | VS=-1633fpm
2026-06-12 11:19:35,589 - INFO - t=0.6s | IAS=2.2kts (target=51.1) | Alt=4406ft | VS=-1610fpm
2026-06-12 11:19:35,617 - INFO - t=0.6s | IAS=2.4kts (target=51.2) | Alt=4405ft | VS=-1588fpm
2026-06-12 11:19:35,642 - INFO - t=0.6s | IAS=2.5kts (target=51.2) | Alt=4404ft | VS=-1568fpm
2026-06-12 11:19:35,667 - INFO - t=0.7s | IAS=2.6kts (target=51.3) | Alt=4404ft | VS=-1548fpm
2026-06-12 11:19:35,693 - INFO - t=0.7s | IAS=2.7kts (target=51.3) | Alt=4403ft | VS=-1530fpm
2026-06-12 11:19:35,720 - INFO - t=0.7s | IAS=2.9kts (target=51.4) | Alt=4402ft | VS=-1512fpm
2026-06-12 11:19:35,744 - INFO - t=0.7s | IAS=3.0kts (target=51.4) | Alt=4402ft | VS=-1495fpm
2026-06-12 11:19:35,769 - INFO - t=0.8s | IAS=3.2kts (target=51.5) | Alt=4401ft | VS=-1477fpm
2026-06-12 11:19:35,794 - INFO - t=0.8s | IAS=3.3kts (target=51.5) | Alt=4401ft | VS=-1460fpm
2026-06-12 11:19:35,821 - INFO - t=0.8s | IAS=3.5kts (target=51.6) | Alt=4400ft | VS=-1444fpm
2026-06-12 11:19:35,846 - INFO - t=0.9s | IAS=3.6kts (target=51.6) | Alt=4399ft | VS=-1428fpm
2026-06-12 11:19:35,871 - INFO - t=0.9s | IAS=3.8kts (target=51.7) | Alt=4399ft | VS=-1412fpm
2026-06-12 11:19:35,896 - INFO - t=0.9s | IAS=3.9kts (target=51.7) | Alt=4398ft | VS=-1396fpm
2026-06-12 11:19:35,924 - INFO - t=0.9s | IAS=4.1kts (target=51.8) | Alt=4398ft | VS=-1379fpm
2026-06-12 11:19:35,949 - INFO - t=1.0s | IAS=4.3kts (target=51.8) | Alt=4397ft | VS=-1362fpm
2026-06-12 11:19:35,974 - INFO - t=1.0s | IAS=4.5kts (target=51.9) | Alt=4396ft | VS=-1345fpm
2026-06-12 11:19:35,999 - INFO - t=1.0s | IAS=4.6kts (target=51.9) | Alt=4396ft | VS=-1329fpm
2026-06-12 11:19:36,027 - INFO - t=1.0s | IAS=4.8kts (target=52.0) | Alt=4395ft | VS=-1312fpm
2026-06-12 11:19:36,053 - INFO - t=1.1s | IAS=5.0kts (target=52.0) | Alt=4395ft | VS=-1296fpm
2026-06-12 11:19:36,077 - INFO - t=1.1s | IAS=5.2kts (target=52.1) | Alt=4394ft | VS=-1279fpm
2026-06-12 11:19:36,104 - INFO - t=1.1s | IAS=5.4kts (target=52.1) | Alt=4394ft | VS=-1264fpm
2026-06-12 11:19:36,134 - INFO - t=1.1s | IAS=5.6kts (target=52.2) | Alt=4393ft | VS=-1247fpm
2026-06-12 11:19:36,161 - INFO - t=1.2s | IAS=5.8kts (target=52.2) | Alt=4392ft | VS=-1230fpm
2026-06-12 11:19:36,189 - INFO - t=1.2s | IAS=6.1kts (target=52.3) | Alt=4392ft | VS=-1213fpm
2026-06-12 11:19:36,215 - INFO - t=1.2s | IAS=6.3kts (target=52.3) | Alt=4391ft | VS=-1196fpm
2026-06-12 11:19:36,241 - INFO - t=1.2s | IAS=6.5kts (target=52.4) | Alt=4391ft | VS=-1181fpm
2026-06-12 11:19:36,266 - INFO - t=1.3s | IAS=6.7kts (target=52.4) | Alt=4390ft | VS=-1166fpm
2026-06-12 11:19:36,293 - INFO - t=1.3s | IAS=6.9kts (target=52.5) | Alt=4390ft | VS=-1150fpm
2026-06-12 11:19:36,318 - INFO - t=1.3s | IAS=7.2kts (target=52.5) | Alt=4389ft | VS=-1133fpm
2026-06-12 11:19:36,344 - INFO - t=1.3s | IAS=7.4kts (target=52.6) | Alt=4389ft | VS=-1117fpm
2026-06-12 11:19:36,369 - INFO - t=1.4s | IAS=7.6kts (target=52.6) | Alt=4388ft | VS=-1101fpm
2026-06-12 11:19:36,394 - INFO - t=1.4s | IAS=7.8kts (target=52.7) | Alt=4388ft | VS=-1084fpm
2026-06-12 11:19:36,424 - INFO - t=1.4s | IAS=8.0kts (target=52.7) | Alt=4387ft | VS=-1066fpm
2026-06-12 11:19:36,450 - INFO - t=1.5s | IAS=8.3kts (target=52.8) | Alt=4387ft | VS=-1046fpm
2026-06-12 11:19:36,475 - INFO - t=1.5s | IAS=8.5kts (target=52.8) | Alt=4386ft | VS=-1028fpm
2026-06-12 11:19:36,504 - INFO - t=1.5s | IAS=8.8kts (target=52.9) | Alt=4386ft | VS=-1009fpm
2026-06-12 11:19:36,530 - INFO - t=1.5s | IAS=9.0kts (target=52.9) | Alt=4385ft | VS=-989fpm
2026-06-12 11:19:36,557 - INFO - t=1.6s | IAS=9.3kts (target=53.0) | Alt=4385ft | VS=-970fpm
2026-06-12 11:19:36,584 - INFO - t=1.6s | IAS=9.5kts (target=53.0) | Alt=4385ft | VS=-952fpm
2026-06-12 11:19:36,609 - INFO - t=1.6s | IAS=9.8kts (target=53.1) | Alt=4384ft | VS=-931fpm
2026-06-12 11:19:36,635 - INFO - t=1.6s | IAS=10.0kts (target=53.1) | Alt=4384ft | VS=-913fpm
2026-06-12 11:19:36,662 - INFO - t=1.7s | IAS=10.2kts (target=53.2) | Alt=4383ft | VS=-894fpm
2026-06-12 11:19:36,687 - INFO - t=1.7s | IAS=10.5kts (target=53.2) | Alt=4383ft | VS=-875fpm
2026-06-12 11:19:36,713 - INFO - t=1.7s | IAS=10.7kts (target=53.3) | Alt=4383ft | VS=-856fpm
2026-06-12 11:19:36,738 - INFO - t=1.7s | IAS=11.0kts (target=53.3) | Alt=4382ft | VS=-837fpm
2026-06-12 11:19:36,763 - INFO - t=1.8s | IAS=11.2kts (target=53.4) | Alt=4382ft | VS=-819fpm
2026-06-12 11:19:36,792 - INFO - t=1.8s | IAS=11.5kts (target=53.4) | Alt=4382ft | VS=-801fpm
2026-06-12 11:19:36,816 - INFO - t=1.8s | IAS=11.7kts (target=53.5) | Alt=4381ft | VS=-779fpm
2026-06-12 11:19:36,843 - INFO - t=1.8s | IAS=12.0kts (target=53.5) | Alt=4381ft | VS=-762fpm
2026-06-12 11:19:36,870 - INFO - t=1.9s | IAS=12.2kts (target=53.6) | Alt=4381ft | VS=-743fpm
2026-06-12 11:19:36,894 - INFO - t=1.9s | IAS=12.5kts (target=53.6) | Alt=4380ft | VS=-725fpm
2026-06-12 11:19:36,918 - INFO - t=1.9s | IAS=12.7kts (target=53.7) | Alt=4380ft | VS=-707fpm
2026-06-12 11:19:36,945 - INFO - t=1.9s | IAS=13.0kts (target=53.7) | Alt=4380ft | VS=-690fpm
2026-06-12 11:19:36,971 - INFO - t=2.0s | IAS=13.2kts (target=53.8) | Alt=4379ft | VS=-673fpm
2026-06-12 11:19:36,996 - INFO - t=2.0s | IAS=13.5kts (target=53.8) | Alt=4379ft | VS=-656fpm
2026-06-12 11:19:37,020 - INFO - t=2.0s | IAS=13.7kts (target=53.9) | Alt=4379ft | VS=-640fpm
2026-06-12 11:19:37,045 - INFO - t=2.0s | IAS=14.0kts (target=53.9) | Alt=4379ft | VS=-625fpm
2026-06-12 11:19:37,071 - INFO - t=2.1s | IAS=14.2kts (target=54.0) | Alt=4378ft | VS=-610fpm
2026-06-12 11:19:37,095 - INFO - t=2.1s | IAS=14.5kts (target=54.0) | Alt=4378ft | VS=-595fpm
2026-06-12 11:19:37,121 - INFO - t=2.1s | IAS=14.7kts (target=54.1) | Alt=4378ft | VS=-580fpm
2026-06-12 11:19:37,146 - INFO - t=2.2s | IAS=15.0kts (target=54.1) | Alt=4378ft | VS=-566fpm
2026-06-12 11:19:37,172 - INFO - t=2.2s | IAS=15.2kts (target=54.2) | Alt=4377ft | VS=-553fpm
2026-06-12 11:19:37,196 - INFO - t=2.2s | IAS=15.5kts (target=54.2) | Alt=4377ft | VS=-540fpm
2026-06-12 11:19:37,223 - INFO - t=2.2s | IAS=15.7kts (target=54.3) | Alt=4377ft | VS=-528fpm
2026-06-12 11:19:37,249 - INFO - t=2.3s | IAS=16.0kts (target=54.3) | Alt=4377ft | VS=-516fpm
2026-06-12 11:19:37,277 - INFO - t=2.3s | IAS=16.2kts (target=54.4) | Alt=4376ft | VS=-504fpm
2026-06-12 11:19:37,303 - INFO - t=2.3s | IAS=16.5kts (target=54.4) | Alt=4376ft | VS=-493fpm
2026-06-12 11:19:37,328 - INFO - t=2.3s | IAS=16.8kts (target=54.5) | Alt=4376ft | VS=-483fpm
2026-06-12 11:19:37,353 - INFO - t=2.4s | IAS=17.0kts (target=54.5) | Alt=4376ft | VS=-474fpm
2026-06-12 11:19:37,380 - INFO - t=2.4s | IAS=17.3kts (target=54.6) | Alt=4376ft | VS=-466fpm
2026-06-12 11:19:37,405 - INFO - t=2.4s | IAS=17.5kts (target=54.6) | Alt=4375ft | VS=-459fpm
2026-06-12 11:19:37,432 - INFO - t=2.4s | IAS=17.8kts (target=54.7) | Alt=4375ft | VS=-453fpm
2026-06-12 11:19:37,459 - INFO - t=2.5s | IAS=18.1kts (target=54.7) | Alt=4375ft | VS=-447fpm
2026-06-12 11:19:37,486 - INFO - t=2.5s | IAS=18.4kts (target=54.8) | Alt=4375ft | VS=-442fpm
2026-06-12 11:19:37,511 - INFO - t=2.5s | IAS=18.6kts (target=54.8) | Alt=4374ft | VS=-438fpm
2026-06-12 11:19:37,536 - INFO - t=2.5s | IAS=18.9kts (target=54.9) | Alt=4374ft | VS=-434fpm
2026-06-12 11:19:37,563 - INFO - t=2.6s | IAS=19.1kts (target=54.9) | Alt=4374ft | VS=-432fpm
2026-06-12 11:19:37,590 - INFO - t=2.6s | IAS=19.4kts (target=55.0) | Alt=4374ft | VS=-431fpm
2026-06-12 11:19:37,616 - INFO - t=2.6s | IAS=19.7kts (target=55.0) | Alt=4374ft | VS=-431fpm
2026-06-12 11:19:37,641 - INFO - t=2.6s | IAS=19.9kts (target=55.1) | Alt=4374ft | VS=-431fpm
2026-06-12 11:19:37,666 - INFO - t=2.7s | IAS=20.2kts (target=55.1) | Alt=4373ft | VS=-432fpm
2026-06-12 11:19:37,694 - INFO - t=2.7s | IAS=20.4kts (target=55.2) | Alt=4373ft | VS=-435fpm
2026-06-12 11:19:37,719 - INFO - t=2.7s | IAS=20.7kts (target=55.2) | Alt=4373ft | VS=-438fpm
2026-06-12 11:19:37,744 - INFO - t=2.7s | IAS=21.0kts (target=55.3) | Alt=4373ft | VS=-442fpm
2026-06-12 11:19:37,770 - INFO - t=2.8s | IAS=21.2kts (target=55.3) | Alt=4373ft | VS=-447fpm
2026-06-12 11:19:37,797 - INFO - t=2.8s | IAS=21.5kts (target=55.4) | Alt=4372ft | VS=-453fpm
2026-06-12 11:19:37,823 - INFO - t=2.8s | IAS=21.7kts (target=55.4) | Alt=4372ft | VS=-460fpm
2026-06-12 11:19:37,847 - INFO - t=2.9s | IAS=22.0kts (target=55.5) | Alt=4372ft | VS=-468fpm
2026-06-12 11:19:37,872 - INFO - t=2.9s | IAS=22.2kts (target=55.5) | Alt=4372ft | VS=-478fpm
2026-06-12 11:19:37,901 - INFO - t=2.9s | IAS=22.5kts (target=55.6) | Alt=4372ft | VS=-488fpm
2026-06-12 11:19:37,928 - INFO - t=2.9s | IAS=22.7kts (target=55.6) | Alt=4371ft | VS=-500fpm
2026-06-12 11:19:37,953 - INFO - t=3.0s | IAS=23.0kts (target=55.7) | Alt=4371ft | VS=-514fpm
2026-06-12 11:19:37,979 - INFO - t=3.0s | IAS=23.2kts (target=55.7) | Alt=4371ft | VS=-528fpm
2026-06-12 11:19:38,006 - INFO - t=3.0s | IAS=23.5kts (target=55.8) | Alt=4371ft | VS=-544fpm
2026-06-12 11:19:38,032 - INFO - t=3.0s | IAS=23.7kts (target=55.8) | Alt=4370ft | VS=-560fpm
2026-06-12 11:19:38,059 - INFO - t=3.1s | IAS=24.0kts (target=55.9) | Alt=4370ft | VS=-579fpm
2026-06-12 11:19:38,085 - INFO - t=3.1s | IAS=24.2kts (target=55.9) | Alt=4370ft | VS=-599fpm
2026-06-12 11:19:38,112 - INFO - t=3.1s | IAS=24.4kts (target=56.0) | Alt=4369ft | VS=-619fpm
2026-06-12 11:19:38,137 - INFO - t=3.1s | IAS=24.7kts (target=56.0) | Alt=4369ft | VS=-640fpm
2026-06-12 11:19:38,163 - INFO - t=3.2s | IAS=24.9kts (target=56.1) | Alt=4369ft | VS=-663fpm
2026-06-12 11:19:38,189 - INFO - t=3.2s | IAS=25.1kts (target=56.1) | Alt=4369ft | VS=-686fpm
2026-06-12 11:19:38,218 - INFO - t=3.2s | IAS=25.4kts (target=56.2) | Alt=4368ft | VS=-711fpm
2026-06-12 11:19:38,245 - INFO - t=3.2s | IAS=25.6kts (target=56.2) | Alt=4368ft | VS=-738fpm
2026-06-12 11:19:38,271 - INFO - t=3.3s | IAS=25.8kts (target=56.3) | Alt=4368ft | VS=-767fpm
2026-06-12 11:19:38,297 - INFO - t=3.3s | IAS=26.0kts (target=56.3) | Alt=4367ft | VS=-795fpm
2026-06-12 11:19:38,325 - INFO - t=3.3s | IAS=26.2kts (target=56.4) | Alt=4367ft | VS=-823fpm
2026-06-12 11:19:38,351 - INFO - t=3.4s | IAS=26.5kts (target=56.4) | Alt=4366ft | VS=-855fpm
2026-06-12 11:19:38,376 - INFO - t=3.4s | IAS=26.7kts (target=56.5) | Alt=4366ft | VS=-886fpm
2026-06-12 11:19:38,403 - INFO - t=3.4s | IAS=26.9kts (target=56.5) | Alt=4366ft | VS=-917fpm
2026-06-12 11:19:38,430 - INFO - t=3.4s | IAS=27.1kts (target=56.6) | Alt=4365ft | VS=-951fpm
2026-06-12 11:19:38,456 - INFO - t=3.5s | IAS=27.3kts (target=56.6) | Alt=4365ft | VS=-983fpm
2026-06-12 11:19:38,484 - INFO - t=3.5s | IAS=27.5kts (target=56.7) | Alt=4364ft | VS=-1019fpm
2026-06-12 11:19:38,511 - INFO - t=3.5s | IAS=27.6kts (target=56.7) | Alt=4364ft | VS=-1057fpm
2026-06-12 11:19:38,538 - INFO - t=3.5s | IAS=27.8kts (target=56.8) | Alt=4363ft | VS=-1094fpm
2026-06-12 11:19:38,564 - INFO - t=3.6s | IAS=28.0kts (target=56.8) | Alt=4363ft | VS=-1130fpm
2026-06-12 11:19:38,590 - INFO - t=3.6s | IAS=28.2kts (target=56.9) | Alt=4362ft | VS=-1171fpm
2026-06-12 11:19:38,617 - INFO - t=3.6s | IAS=28.3kts (target=56.9) | Alt=4362ft | VS=-1209fpm
2026-06-12 11:19:38,643 - INFO - t=3.6s | IAS=28.5kts (target=57.0) | Alt=4361ft | VS=-1250fpm
2026-06-12 11:19:38,668 - INFO - t=3.7s | IAS=28.6kts (target=57.0) | Alt=4361ft | VS=-1289fpm
2026-06-12 11:19:38,695 - INFO - t=3.7s | IAS=28.8kts (target=57.1) | Alt=4360ft | VS=-1331fpm
2026-06-12 11:19:38,723 - INFO - t=3.7s | IAS=28.9kts (target=57.1) | Alt=4359ft | VS=-1374fpm
2026-06-12 11:19:38,751 - INFO - t=3.8s | IAS=29.1kts (target=57.2) | Alt=4359ft | VS=-1419fpm
2026-06-12 11:19:38,778 - INFO - t=3.8s | IAS=29.2kts (target=57.2) | Alt=4358ft | VS=-1464fpm
2026-06-12 11:19:38,804 - INFO - t=3.8s | IAS=29.4kts (target=57.3) | Alt=4357ft | VS=-1512fpm
2026-06-12 11:19:38,830 - INFO - t=3.8s | IAS=29.5kts (target=57.3) | Alt=4357ft | VS=-1557fpm
2026-06-12 11:19:38,858 - INFO - t=3.9s | IAS=29.6kts (target=57.4) | Alt=4356ft | VS=-1602fpm
2026-06-12 11:19:38,884 - INFO - t=3.9s | IAS=29.7kts (target=57.4) | Alt=4355ft | VS=-1648fpm
2026-06-12 11:19:38,910 - INFO - t=3.9s | IAS=29.8kts (target=57.5) | Alt=4355ft | VS=-1696fpm
2026-06-12 11:19:38,935 - INFO - t=3.9s | IAS=29.9kts (target=57.5) | Alt=4354ft | VS=-1742fpm
2026-06-12 11:19:38,963 - INFO - t=4.0s | IAS=30.0kts (target=57.6) | Alt=4353ft | VS=-1788fpm
2026-06-12 11:19:38,989 - INFO - t=4.0s | IAS=30.1kts (target=57.6) | Alt=4352ft | VS=-1835fpm
2026-06-12 11:19:39,014 - INFO - t=4.0s | IAS=30.2kts (target=57.7) | Alt=4351ft | VS=-1885fpm
2026-06-12 11:19:39,040 - INFO - t=4.0s | IAS=30.3kts (target=57.7) | Alt=4350ft | VS=-1932fpm
2026-06-12 11:19:39,069 - INFO - t=4.1s | IAS=30.4kts (target=57.8) | Alt=4350ft | VS=-1980fpm
2026-06-12 11:19:39,094 - INFO - t=4.1s | IAS=30.4kts (target=57.8) | Alt=4349ft | VS=-2031fpm
2026-06-12 11:19:39,122 - INFO - t=4.1s | IAS=30.5kts (target=57.9) | Alt=4348ft | VS=-2082fpm
2026-06-12 11:19:39,149 - INFO - t=4.2s | IAS=30.6kts (target=57.9) | Alt=4347ft | VS=-2135fpm
2026-06-12 11:19:39,176 - INFO - t=4.2s | IAS=30.6kts (target=58.0) | Alt=4346ft | VS=-2187fpm
2026-06-12 11:19:39,202 - INFO - t=4.2s | IAS=30.6kts (target=58.0) | Alt=4345ft | VS=-2237fpm
2026-06-12 11:19:39,228 - INFO - t=4.2s | IAS=30.7kts (target=58.1) | Alt=4344ft | VS=-2289fpm
2026-06-12 11:19:39,254 - INFO - t=4.3s | IAS=30.7kts (target=58.1) | Alt=4343ft | VS=-2341fpm
2026-06-12 11:19:39,281 - INFO - t=4.3s | IAS=30.7kts (target=58.2) | Alt=4342ft | VS=-2394fpm
2026-06-12 11:19:39,310 - INFO - t=4.3s | IAS=30.7kts (target=58.2) | Alt=4341ft | VS=-2445fpm
2026-06-12 11:19:39,336 - INFO - t=4.3s | IAS=30.8kts (target=58.3) | Alt=4339ft | VS=-2505fpm
2026-06-12 11:19:39,363 - INFO - t=4.4s | IAS=30.8kts (target=58.3) | Alt=4338ft | VS=-2557fpm
2026-06-12 11:19:39,390 - INFO - t=4.4s | IAS=30.8kts (target=58.4) | Alt=4337ft | VS=-2613fpm
2026-06-12 11:19:39,417 - INFO - t=4.4s | IAS=30.8kts (target=58.4) | Alt=4336ft | VS=-2665fpm
2026-06-12 11:19:39,444 - INFO - t=4.4s | IAS=30.7kts (target=58.5) | Alt=4335ft | VS=-2721fpm
2026-06-12 11:19:39,469 - INFO - t=4.5s | IAS=30.7kts (target=58.5) | Alt=4333ft | VS=-2776fpm
2026-06-12 11:19:39,496 - INFO - t=4.5s | IAS=30.7kts (target=58.6) | Alt=4332ft | VS=-2826fpm
2026-06-12 11:19:39,522 - INFO - t=4.5s | IAS=30.7kts (target=58.6) | Alt=4331ft | VS=-2879fpm
2026-06-12 11:19:39,549 - INFO - t=4.6s | IAS=30.6kts (target=58.7) | Alt=4330ft | VS=-2932fpm
2026-06-12 11:19:39,576 - INFO - t=4.6s | IAS=30.6kts (target=58.7) | Alt=4328ft | VS=-2985fpm
2026-06-12 11:19:39,604 - INFO - t=4.6s | IAS=30.5kts (target=58.8) | Alt=4327ft | VS=-3041fpm
2026-06-12 11:19:39,629 - INFO - t=4.6s | IAS=30.4kts (target=58.8) | Alt=4325ft | VS=-3097fpm
2026-06-12 11:19:39,655 - INFO - t=4.7s | IAS=30.3kts (target=58.9) | Alt=4324ft | VS=-3151fpm
2026-06-12 11:19:39,684 - INFO - t=4.7s | IAS=30.3kts (target=58.9) | Alt=4323ft | VS=-3198fpm
2026-06-12 11:19:39,711 - INFO - t=4.7s | IAS=30.2kts (target=59.0) | Alt=4321ft | VS=-3249fpm
2026-06-12 11:19:39,736 - INFO - t=4.7s | IAS=30.1kts (target=59.0) | Alt=4320ft | VS=-3294fpm
2026-06-12 11:19:39,763 - INFO - t=4.8s | IAS=30.0kts (target=59.1) | Alt=4318ft | VS=-3343fpm
2026-06-12 11:19:39,789 - INFO - t=4.8s | IAS=30.0kts (target=59.1) | Alt=4317ft | VS=-3393fpm
2026-06-12 11:19:39,816 - INFO - t=4.8s | IAS=29.9kts (target=59.2) | Alt=4315ft | VS=-3441fpm
2026-06-12 11:19:39,843 - INFO - t=4.8s | IAS=29.8kts (target=59.2) | Alt=4314ft | VS=-3489fpm
2026-06-12 11:19:39,869 - INFO - t=4.9s | IAS=29.7kts (target=59.3) | Alt=4312ft | VS=-3539fpm
2026-06-12 11:19:39,895 - INFO - t=4.9s | IAS=29.6kts (target=59.3) | Alt=4310ft | VS=-3583fpm
2026-06-12 11:19:39,923 - INFO - t=4.9s | IAS=29.5kts (target=59.4) | Alt=4309ft | VS=-3627fpm
2026-06-12 11:19:39,950 - INFO - t=5.0s | IAS=29.4kts (target=59.4) | Alt=4307ft | VS=-3672fpm
2026-06-12 11:19:39,976 - INFO - t=5.0s | IAS=29.3kts (target=59.5) | Alt=4306ft | VS=-3717fpm
2026-06-12 11:19:40,003 - INFO - t=5.0s | IAS=29.2kts (target=59.5) | Alt=4304ft | VS=-3759fpm
2026-06-12 11:19:40,030 - INFO - t=5.0s | IAS=29.1kts (target=59.6) | Alt=4302ft | VS=-3804fpm
2026-06-12 11:19:40,055 - INFO - t=5.1s | IAS=28.9kts (target=59.6) | Alt=4300ft | VS=-3847fpm
2026-06-12 11:19:40,084 - INFO - t=5.1s | IAS=28.8kts (target=59.7) | Alt=4299ft | VS=-3892fpm
2026-06-12 11:19:40,112 - INFO - t=5.1s | IAS=28.7kts (target=59.7) | Alt=4297ft | VS=-3942fpm
2026-06-12 11:19:40,139 - INFO - t=5.1s | IAS=28.5kts (target=59.8) | Alt=4295ft | VS=-3993fpm
2026-06-12 11:19:40,166 - INFO - t=5.2s | IAS=28.4kts (target=59.8) | Alt=4293ft | VS=-4042fpm
2026-06-12 11:19:40,192 - INFO - t=5.2s | IAS=28.2kts (target=59.9) | Alt=4291ft | VS=-4099fpm
2026-06-12 11:19:40,218 - INFO - t=5.2s | IAS=28.1kts (target=59.9) | Alt=4289ft | VS=-4151fpm
2026-06-12 11:19:40,245 - INFO - t=5.2s | IAS=28.0kts (target=60.0) | Alt=4288ft | VS=-4206fpm
2026-06-12 11:19:40,270 - INFO - t=5.3s | IAS=27.9kts (target=60.0) | Alt=4286ft | VS=-4263fpm
2026-06-12 11:19:40,296 - INFO - t=5.3s | IAS=27.8kts (target=60.1) | Alt=4284ft | VS=-4323fpm
2026-06-12 11:19:40,322 - INFO - t=5.3s | IAS=27.7kts (target=60.1) | Alt=4282ft | VS=-4382fpm
2026-06-12 11:19:40,348 - INFO - t=5.4s | IAS=27.7kts (target=60.2) | Alt=4280ft | VS=-4441fpm
2026-06-12 11:19:40,375 - INFO - t=5.4s | IAS=27.7kts (target=60.2) | Alt=4278ft | VS=-4497fpm
2026-06-12 11:19:40,403 - INFO - t=5.4s | IAS=27.7kts (target=60.3) | Alt=4276ft | VS=-4555fpm
2026-06-12 11:19:40,428 - INFO - t=5.4s | IAS=27.7kts (target=60.3) | Alt=4274ft | VS=-4611fpm
2026-06-12 11:19:40,454 - INFO - t=5.5s | IAS=27.8kts (target=60.4) | Alt=4272ft | VS=-4663fpm
2026-06-12 11:19:40,480 - INFO - t=5.5s | IAS=27.8kts (target=60.4) | Alt=4270ft | VS=-4715fpm
2026-06-12 11:19:40,508 - INFO - t=5.5s | IAS=27.9kts (target=60.5) | Alt=4268ft | VS=-4770fpm
2026-06-12 11:19:40,533 - INFO - t=5.5s | IAS=27.9kts (target=60.5) | Alt=4266ft | VS=-4836fpm
2026-06-12 11:19:40,562 - INFO - t=5.6s | IAS=27.9kts (target=60.6) | Alt=4263ft | VS=-4896fpm
2026-06-12 11:19:40,588 - INFO - t=5.6s | IAS=27.9kts (target=60.6) | Alt=4261ft | VS=-4956fpm
2026-06-12 11:19:40,616 - INFO - t=5.6s | IAS=27.9kts (target=60.7) | Alt=4259ft | VS=-5013fpm
2026-06-12 11:19:40,643 - INFO - t=5.6s | IAS=27.8kts (target=60.7) | Alt=4257ft | VS=-5068fpm
2026-06-12 11:19:40,670 - INFO - t=5.7s | IAS=27.7kts (target=60.8) | Alt=4254ft | VS=-5121fpm
2026-06-12 11:19:40,696 - INFO - t=5.7s | IAS=27.6kts (target=60.8) | Alt=4252ft | VS=-5169fpm
2026-06-12 11:19:40,722 - INFO - t=5.7s | IAS=27.4kts (target=60.9) | Alt=4250ft | VS=-5217fpm
2026-06-12 11:19:40,749 - INFO - t=5.8s | IAS=27.1kts (target=60.9) | Alt=4247ft | VS=-5262fpm
2026-06-12 11:19:40,776 - INFO - t=5.8s | IAS=26.8kts (target=61.0) | Alt=4245ft | VS=-5308fpm
2026-06-12 11:19:40,802 - INFO - t=5.8s | IAS=26.4kts (target=61.0) | Alt=4243ft | VS=-5351fpm
2026-06-12 11:19:40,828 - INFO - t=5.8s | IAS=26.0kts (target=61.1) | Alt=4240ft | VS=-5396fpm
2026-06-12 11:19:40,853 - INFO - t=5.9s | IAS=25.5kts (target=61.1) | Alt=4238ft | VS=-5437fpm
2026-06-12 11:19:40,880 - INFO - t=5.9s | IAS=24.9kts (target=61.2) | Alt=4235ft | VS=-5477fpm
2026-06-12 11:19:40,909 - INFO - t=5.9s | IAS=24.3kts (target=61.2) | Alt=4233ft | VS=-5516fpm
2026-06-12 11:19:40,935 - INFO - t=5.9s | IAS=23.5kts (target=61.3) | Alt=4230ft | VS=-5563fpm
2026-06-12 11:19:40,963 - INFO - t=6.0s | IAS=22.8kts (target=61.3) | Alt=4228ft | VS=-5602fpm
2026-06-12 11:19:40,990 - INFO - t=6.0s | IAS=21.9kts (target=61.4) | Alt=4225ft | VS=-5644fpm
2026-06-12 11:19:41,016 - INFO - t=6.0s | IAS=21.0kts (target=61.4) | Alt=4223ft | VS=-5683fpm
2026-06-12 11:19:41,043 - INFO - t=6.0s | IAS=20.0kts (target=61.5) | Alt=4220ft | VS=-5724fpm
2026-06-12 11:19:41,068 - INFO - t=6.1s | IAS=19.0kts (target=61.5) | Alt=4218ft | VS=-5763fpm
2026-06-12 11:19:41,095 - INFO - t=6.1s | IAS=17.9kts (target=61.6) | Alt=4215ft | VS=-5800fpm
2026-06-12 11:19:41,121 - INFO - t=6.1s | IAS=16.9kts (target=61.6) | Alt=4213ft | VS=-5821fpm
2026-06-12 11:19:41,146 - INFO - t=6.2s | IAS=15.7kts (target=61.7) | Alt=4210ft | VS=-5851fpm
2026-06-12 11:19:41,172 - INFO - t=6.2s | IAS=14.6kts (target=61.7) | Alt=4207ft | VS=-5882fpm
2026-06-12 11:19:41,201 - INFO - t=6.2s | IAS=13.4kts (target=61.8) | Alt=4205ft | VS=-5918fpm
2026-06-12 11:19:41,227 - INFO - t=6.2s | IAS=12.1kts (target=61.8) | Alt=4202ft | VS=-5958fpm
2026-06-12 11:19:41,252 - INFO - t=6.3s | IAS=10.9kts (target=61.9) | Alt=4199ft | VS=-5999fpm
2026-06-12 11:19:41,278 - INFO - t=6.3s | IAS=9.7kts (target=61.9) | Alt=4197ft | VS=-6039fpm
2026-06-12 11:19:41,305 - INFO - t=6.3s | IAS=8.5kts (target=62.0) | Alt=4194ft | VS=-6079fpm
2026-06-12 11:19:41,334 - INFO - t=6.3s | IAS=7.3kts (target=62.0) | Alt=4192ft | VS=-6119fpm
2026-06-12 11:19:41,361 - INFO - t=6.4s | IAS=6.0kts (target=62.1) | Alt=4189ft | VS=-6163fpm
2026-06-12 11:19:41,388 - INFO - t=6.4s | IAS=4.7kts (target=62.1) | Alt=4186ft | VS=-6204fpm
2026-06-12 11:19:41,415 - INFO - t=6.4s | IAS=3.5kts (target=62.2) | Alt=4183ft | VS=-6245fpm
2026-06-12 11:19:41,442 - INFO - t=6.4s | IAS=2.3kts (target=62.2) | Alt=4180ft | VS=-6283fpm
2026-06-12 11:19:41,467 - INFO - t=6.5s | IAS=1.1kts (target=62.3) | Alt=4177ft | VS=-6325fpm
2026-06-12 11:19:41,494 - INFO - t=6.5s | IAS=-0.1kts (target=62.3) | Alt=4175ft | VS=-6364fpm
2026-06-12 11:19:41,522 - INFO - t=6.5s | IAS=-1.2kts (target=62.4) | Alt=4172ft | VS=-6404fpm
2026-06-12 11:19:41,549 - INFO - t=6.6s | IAS=-2.5kts (target=62.4) | Alt=4169ft | VS=-6446fpm
2026-06-12 11:19:41,575 - INFO - t=6.6s | IAS=-3.7kts (target=62.5) | Alt=4166ft | VS=-6488fpm
2026-06-12 11:19:41,602 - INFO - t=6.6s | IAS=-4.8kts (target=62.5) | Alt=4163ft | VS=-6525fpm
2026-06-12 11:19:41,629 - INFO - t=6.6s | IAS=-6.0kts (target=62.6) | Alt=4160ft | VS=-6562fpm
2026-06-12 11:19:41,655 - INFO - t=6.7s | IAS=-7.1kts (target=62.6) | Alt=4157ft | VS=-6597fpm
2026-06-12 11:19:41,683 - INFO - t=6.7s | IAS=-8.3kts (target=62.7) | Alt=4154ft | VS=-6631fpm
2026-06-12 11:19:41,712 - INFO - t=6.7s | IAS=-9.4kts (target=62.7) | Alt=4151ft | VS=-6664fpm
2026-06-12 11:19:41,739 - INFO - t=6.7s | IAS=-10.6kts (target=62.8) | Alt=4148ft | VS=-6696fpm
2026-06-12 11:19:41,768 - INFO - t=6.8s | IAS=-11.6kts (target=62.8) | Alt=4145ft | VS=-6722fpm
2026-06-12 11:19:41,794 - INFO - t=6.8s | IAS=-12.8kts (target=62.9) | Alt=4141ft | VS=-6750fpm
2026-06-12 11:19:41,821 - INFO - t=6.8s | IAS=-13.6kts (target=62.9) | Alt=4138ft | VS=-6770fpm
2026-06-12 11:19:41,848 - INFO - t=6.9s | IAS=-14.5kts (target=63.0) | Alt=4135ft | VS=-6787fpm
2026-06-12 11:19:41,876 - INFO - t=6.9s | IAS=-15.3kts (target=63.0) | Alt=4132ft | VS=-6799fpm
2026-06-12 11:19:41,902 - INFO - t=6.9s | IAS=-16.0kts (target=63.1) | Alt=4129ft | VS=-6808fpm
2026-06-12 11:19:41,928 - INFO - t=6.9s | IAS=-16.6kts (target=63.1) | Alt=4126ft | VS=-6810fpm
2026-06-12 11:19:41,955 - INFO - t=7.0s | IAS=-17.1kts (target=63.2) | Alt=4123ft | VS=-6807fpm
2026-06-12 11:19:41,983 - INFO - t=7.0s | IAS=-17.4kts (target=63.2) | Alt=4120ft | VS=-6795fpm
2026-06-12 11:19:42,009 - INFO - t=7.0s | IAS=-17.6kts (target=63.3) | Alt=4117ft | VS=-6775fpm
2026-06-12 11:19:42,035 - INFO - t=7.0s | IAS=-17.6kts (target=63.3) | Alt=4114ft | VS=-6756fpm
2026-06-12 11:19:42,065 - INFO - t=7.1s | IAS=-17.5kts (target=63.4) | Alt=4111ft | VS=-6742fpm
2026-06-12 11:19:42,092 - INFO - t=7.1s | IAS=-17.3kts (target=63.4) | Alt=4108ft | VS=-6730fpm
2026-06-12 11:19:42,118 - INFO - t=7.1s | IAS=-16.9kts (target=63.5) | Alt=4105ft | VS=-6720fpm
2026-06-12 11:19:42,145 - INFO - t=7.1s | IAS=-16.4kts (target=63.5) | Alt=4102ft | VS=-6715fpm
2026-06-12 11:19:42,172 - INFO - t=7.2s | IAS=-15.8kts (target=63.6) | Alt=4099ft | VS=-6714fpm
2026-06-12 11:19:42,202 - INFO - t=7.2s | IAS=-15.0kts (target=63.6) | Alt=4096ft | VS=-6717fpm
2026-06-12 11:19:42,228 - INFO - t=7.2s | IAS=-14.0kts (target=63.7) | Alt=4092ft | VS=-6727fpm
2026-06-12 11:19:42,254 - INFO - t=7.3s | IAS=-13.0kts (target=63.7) | Alt=4089ft | VS=-6742fpm
2026-06-12 11:19:42,281 - INFO - t=7.3s | IAS=-12.0kts (target=63.8) | Alt=4086ft | VS=-6760fpm
2026-06-12 11:19:42,310 - INFO - t=7.3s | IAS=-10.8kts (target=63.8) | Alt=4083ft | VS=-6784fpm
2026-06-12 11:19:42,336 - INFO - t=7.3s | IAS=-9.4kts (target=63.9) | Alt=4080ft | VS=-6815fpm
2026-06-12 11:19:42,362 - INFO - t=7.4s | IAS=-8.0kts (target=63.9) | Alt=4077ft | VS=-6846fpm
2026-06-12 11:19:42,390 - INFO - t=7.4s | IAS=-6.6kts (target=64.0) | Alt=4074ft | VS=-6880fpm
2026-06-12 11:19:42,416 - INFO - t=7.4s | IAS=-5.0kts (target=64.0) | Alt=4071ft | VS=-6916fpm
2026-06-12 11:19:42,442 - INFO - t=7.4s | IAS=-3.3kts (target=64.1) | Alt=4068ft | VS=-6955fpm
2026-06-12 11:19:42,467 - INFO - t=7.5s | IAS=-1.6kts (target=64.1) | Alt=4065ft | VS=-6993fpm
2026-06-12 11:19:42,496 - INFO - t=7.5s | IAS=0.1kts (target=64.2) | Alt=4062ft | VS=-7031fpm
2026-06-12 11:19:42,522 - INFO - t=7.5s | IAS=1.9kts (target=64.2) | Alt=4058ft | VS=-7072fpm
2026-06-12 11:19:42,549 - INFO - t=7.6s | IAS=3.9kts (target=64.3) | Alt=4055ft | VS=-7114fpm
2026-06-12 11:19:42,577 - INFO - t=7.6s | IAS=5.9kts (target=64.3) | Alt=4052ft | VS=-7157fpm
2026-06-12 11:19:42,604 - INFO - t=7.6s | IAS=7.9kts (target=64.4) | Alt=4049ft | VS=-7200fpm
2026-06-12 11:19:42,633 - INFO - t=7.6s | IAS=9.9kts (target=64.4) | Alt=4045ft | VS=-7242fpm
2026-06-12 11:19:42,661 - INFO - t=7.7s | IAS=12.1kts (target=64.5) | Alt=4042ft | VS=-7290fpm
2026-06-12 11:19:42,688 - INFO - t=7.7s | IAS=14.2kts (target=64.5) | Alt=4038ft | VS=-7336fpm
2026-06-12 11:19:42,717 - INFO - t=7.7s | IAS=16.3kts (target=64.6) | Alt=4035ft | VS=-7382fpm
2026-06-12 11:19:42,746 - INFO - t=7.8s | IAS=18.4kts (target=64.6) | Alt=4031ft | VS=-7429fpm
2026-06-12 11:19:42,774 - INFO - t=7.8s | IAS=20.6kts (target=64.7) | Alt=4028ft | VS=-7481fpm
2026-06-12 11:19:42,802 - INFO - t=7.8s | IAS=22.8kts (target=64.7) | Alt=4024ft | VS=-7533fpm
2026-06-12 11:19:42,829 - INFO - t=7.8s | IAS=24.9kts (target=64.8) | Alt=4021ft | VS=-7585fpm
2026-06-12 11:19:42,857 - INFO - t=7.9s | IAS=26.8kts (target=64.8) | Alt=4017ft | VS=-7633fpm
2026-06-12 11:19:42,885 - INFO - t=7.9s | IAS=28.9kts (target=64.9) | Alt=4014ft | VS=-7688fpm
2026-06-12 11:19:42,917 - INFO - t=7.9s | IAS=31.0kts (target=64.9) | Alt=4010ft | VS=-7743fpm
2026-06-12 11:19:42,950 - INFO - t=8.0s | IAS=33.2kts (target=65.0) | Alt=4006ft | VS=-7804fpm
2026-06-12 11:19:42,983 - INFO - t=8.0s | IAS=35.5kts (target=65.0) | Alt=4002ft | VS=-7865fpm
2026-06-12 11:19:43,015 - INFO - t=8.0s | IAS=37.8kts (target=65.1) | Alt=3997ft | VS=-7930fpm
2026-06-12 11:19:43,048 - INFO - t=8.1s | IAS=40.0kts (target=65.1) | Alt=3993ft | VS=-7989fpm
2026-06-12 11:19:43,083 - INFO - t=8.1s | IAS=42.2kts (target=65.2) | Alt=3988ft | VS=-8044fpm
2026-06-12 11:19:43,109 - INFO - t=8.1s | IAS=44.3kts (target=65.2) | Alt=3984ft | VS=-8093fpm
2026-06-12 11:19:43,135 - INFO - t=8.1s | IAS=46.0kts (target=65.3) | Alt=3980ft | VS=-8129fpm
2026-06-12 11:19:43,161 - INFO - t=8.2s | IAS=47.6kts (target=65.3) | Alt=3977ft | VS=-8159fpm
2026-06-12 11:19:43,189 - INFO - t=8.2s | IAS=49.3kts (target=65.4) | Alt=3974ft | VS=-8180fpm
2026-06-12 11:19:43,217 - INFO - t=8.2s | IAS=50.8kts (target=65.4) | Alt=3970ft | VS=-8201fpm
2026-06-12 11:19:43,245 - INFO - t=8.2s | IAS=52.5kts (target=65.5) | Alt=3967ft | VS=-8223fpm
2026-06-12 11:19:43,273 - INFO - t=8.3s | IAS=54.1kts (target=65.5) | Alt=3963ft | VS=-8241fpm
2026-06-12 11:19:43,302 - INFO - t=8.3s | IAS=55.7kts (target=65.6) | Alt=3960ft | VS=-8258fpm
2026-06-12 11:19:43,328 - INFO - t=8.3s | IAS=57.2kts (target=65.6) | Alt=3956ft | VS=-8267fpm
2026-06-12 11:19:43,353 - INFO - t=8.4s | IAS=58.7kts (target=65.7) | Alt=3952ft | VS=-8275fpm
2026-06-12 11:19:43,378 - INFO - t=8.4s | IAS=60.0kts (target=65.7) | Alt=3949ft | VS=-8279fpm
2026-06-12 11:19:43,406 - INFO - t=8.4s | IAS=61.3kts (target=65.8) | Alt=3946ft | VS=-8278fpm
2026-06-12 11:19:43,435 - INFO - t=8.4s | IAS=62.6kts (target=65.8) | Alt=3942ft | VS=-8273fpm
2026-06-12 11:19:43,461 - INFO - t=8.5s | IAS=64.1kts (target=65.9) | Alt=3938ft | VS=-8264fpm
2026-06-12 11:19:43,487 - INFO - t=8.5s | IAS=65.3kts (target=65.9) | Alt=3935ft | VS=-8255fpm
2026-06-12 11:19:43,513 - INFO - t=8.5s | IAS=66.5kts (target=66.0) | Alt=3931ft | VS=-8240fpm
2026-06-12 11:19:43,539 - INFO - t=8.5s | IAS=67.6kts (target=66.0) | Alt=3928ft | VS=-8213fpm
2026-06-12 11:19:43,569 - INFO - t=8.6s | IAS=68.8kts (target=66.1) | Alt=3924ft | VS=-8184fpm
2026-06-12 11:19:43,595 - INFO - t=8.6s | IAS=70.1kts (target=66.1) | Alt=3920ft | VS=-8141fpm
2026-06-12 11:19:43,622 - INFO - t=8.6s | IAS=71.1kts (target=66.2) | Alt=3917ft | VS=-8098fpm
2026-06-12 11:19:43,648 - INFO - t=8.7s | IAS=72.2kts (target=66.2) | Alt=3913ft | VS=-8049fpm
2026-06-12 11:19:43,675 - INFO - t=8.7s | IAS=73.2kts (target=66.3) | Alt=3909ft | VS=-7990fpm
2026-06-12 11:19:43,701 - INFO - t=8.7s | IAS=74.2kts (target=66.3) | Alt=3906ft | VS=-7924fpm
2026-06-12 11:19:43,728 - INFO - t=8.7s | IAS=75.1kts (target=66.4) | Alt=3902ft | VS=-7852fpm
2026-06-12 11:19:43,753 - INFO - t=8.8s | IAS=75.9kts (target=66.4) | Alt=3899ft | VS=-7773fpm
2026-06-12 11:19:43,779 - INFO - t=8.8s | IAS=76.8kts (target=66.5) | Alt=3895ft | VS=-7683fpm
2026-06-12 11:19:43,806 - INFO - t=8.8s | IAS=77.6kts (target=66.5) | Alt=3892ft | VS=-7592fpm
2026-06-12 11:19:43,834 - INFO - t=8.8s | IAS=78.3kts (target=66.6) | Alt=3888ft | VS=-7488fpm
2026-06-12 11:19:43,863 - INFO - t=8.9s | IAS=79.0kts (target=66.6) | Alt=3884ft | VS=-7383fpm
2026-06-12 11:19:43,889 - INFO - t=8.9s | IAS=79.8kts (target=66.7) | Alt=3881ft | VS=-7256fpm
2026-06-12 11:19:43,916 - INFO - t=8.9s | IAS=80.3kts (target=66.7) | Alt=3877ft | VS=-7139fpm
2026-06-12 11:19:43,943 - INFO - t=8.9s | IAS=80.8kts (target=66.8) | Alt=3874ft | VS=-7012fpm
2026-06-12 11:19:43,968 - INFO - t=9.0s | IAS=81.2kts (target=66.8) | Alt=3870ft | VS=-6885fpm
2026-06-12 11:19:43,995 - INFO - t=9.0s | IAS=81.6kts (target=66.9) | Alt=3867ft | VS=-6748fpm
2026-06-12 11:19:44,021 - INFO - t=9.0s | IAS=81.9kts (target=66.9) | Alt=3864ft | VS=-6610fpm
2026-06-12 11:19:44,048 - INFO - t=9.1s | IAS=82.1kts (target=67.0) | Alt=3860ft | VS=-6473fpm
2026-06-12 11:19:44,075 - INFO - t=9.1s | IAS=82.2kts (target=67.0) | Alt=3858ft | VS=-6341fpm
2026-06-12 11:19:44,101 - INFO - t=9.1s | IAS=82.2kts (target=67.1) | Alt=3855ft | VS=-6196fpm
2026-06-12 11:19:44,127 - INFO - t=9.1s | IAS=82.1kts (target=67.1) | Alt=3852ft | VS=-6064fpm
2026-06-12 11:19:44,154 - INFO - t=9.2s | IAS=82.0kts (target=67.2) | Alt=3849ft | VS=-5934fpm
2026-06-12 11:19:44,180 - INFO - t=9.2s | IAS=81.7kts (target=67.2) | Alt=3847ft | VS=-5805fpm
2026-06-12 11:19:44,207 - INFO - t=9.2s | IAS=81.3kts (target=67.3) | Alt=3844ft | VS=-5661fpm
2026-06-12 11:19:44,235 - INFO - t=9.2s | IAS=80.9kts (target=67.3) | Alt=3842ft | VS=-5522fpm
2026-06-12 11:19:44,263 - INFO - t=9.3s | IAS=80.3kts (target=67.4) | Alt=3839ft | VS=-5374fpm
2026-06-12 11:19:44,288 - INFO - t=9.3s | IAS=79.6kts (target=67.4) | Alt=3837ft | VS=-5231fpm
2026-06-12 11:19:44,316 - INFO - t=9.3s | IAS=78.9kts (target=67.5) | Alt=3835ft | VS=-5087fpm
2026-06-12 11:19:44,345 - INFO - t=9.3s | IAS=78.0kts (target=67.5) | Alt=3832ft | VS=-4936fpm
2026-06-12 11:19:44,375 - INFO - t=9.4s | IAS=77.0kts (target=67.6) | Alt=3830ft | VS=-4775fpm
2026-06-12 11:19:44,402 - INFO - t=9.4s | IAS=75.8kts (target=67.6) | Alt=3828ft | VS=-4617fpm
2026-06-12 11:19:44,429 - INFO - t=9.4s | IAS=74.7kts (target=67.7) | Alt=3826ft | VS=-4471fpm
2026-06-12 11:19:44,457 - INFO - t=9.5s | IAS=73.5kts (target=67.7) | Alt=3824ft | VS=-4329fpm
2026-06-12 11:19:44,484 - INFO - t=9.5s | IAS=72.3kts (target=67.8) | Alt=3822ft | VS=-4189fpm
2026-06-12 11:19:44,512 - INFO - t=9.5s | IAS=71.1kts (target=67.8) | Alt=3820ft | VS=-4066fpm
2026-06-12 11:19:44,539 - INFO - t=9.5s | IAS=69.6kts (target=67.9) | Alt=3818ft | VS=-3929fpm
2026-06-12 11:19:44,568 - INFO - t=9.6s | IAS=68.3kts (target=67.9) | Alt=3816ft | VS=-3811fpm
2026-06-12 11:19:44,596 - INFO - t=9.6s | IAS=66.8kts (target=68.0) | Alt=3814ft | VS=-3691fpm
2026-06-12 11:19:44,623 - INFO - t=9.6s | IAS=65.4kts (target=68.0) | Alt=3813ft | VS=-3584fpm
2026-06-12 11:19:44,650 - INFO - t=9.7s | IAS=64.0kts (target=68.1) | Alt=3811ft | VS=-3474fpm
2026-06-12 11:19:44,677 - INFO - t=9.7s | IAS=62.6kts (target=68.1) | Alt=3810ft | VS=-3372fpm
2026-06-12 11:19:44,704 - INFO - t=9.7s | IAS=61.2kts (target=68.2) | Alt=3808ft | VS=-3269fpm
2026-06-12 11:19:44,729 - INFO - t=9.7s | IAS=59.8kts (target=68.2) | Alt=3807ft | VS=-3175fpm
2026-06-12 11:19:44,756 - INFO - t=9.8s | IAS=58.5kts (target=68.3) | Alt=3805ft | VS=-3082fpm
2026-06-12 11:19:44,784 - INFO - t=9.8s | IAS=57.1kts (target=68.3) | Alt=3804ft | VS=-2992fpm
2026-06-12 11:19:44,813 - INFO - t=9.8s | IAS=55.7kts (target=68.4) | Alt=3803ft | VS=-2904fpm
2026-06-12 11:19:44,839 - INFO - t=9.8s | IAS=54.3kts (target=68.4) | Alt=3801ft | VS=-2819fpm
2026-06-12 11:19:44,868 - INFO - t=9.9s | IAS=53.0kts (target=68.5) | Alt=3800ft | VS=-2741fpm
2026-06-12 11:19:44,894 - INFO - t=9.9s | IAS=51.6kts (target=68.5) | Alt=3799ft | VS=-2659fpm
2026-06-12 11:19:44,921 - INFO - t=9.9s | IAS=50.3kts (target=68.6) | Alt=3798ft | VS=-2587fpm
2026-06-12 11:19:44,946 - INFO - t=10.0s | IAS=49.2kts (target=68.6) | Alt=3797ft | VS=-2520fpm
2026-06-12 11:19:44,970 - INFO - t=10.0s | IAS=48.0kts (target=68.7) | Alt=3796ft | VS=-2453fpm
2026-06-12 11:19:44,994 - INFO - t=10.0s | IAS=46.9kts (target=68.7) | Alt=3795ft | VS=-2391fpm
2026-06-12 11:19:45,020 - INFO - t=10.0s | IAS=45.8kts (target=68.8) | Alt=3794ft | VS=-2329fpm
2026-06-12 11:19:45,045 - INFO - t=10.0s | IAS=44.7kts (target=68.8) | Alt=3793ft | VS=-2268fpm
2026-06-12 11:19:45,069 - INFO - t=10.1s | IAS=43.6kts (target=68.9) | Alt=3792ft | VS=-2201fpm
2026-06-12 11:19:45,094 - INFO - t=10.1s | IAS=42.6kts (target=68.9) | Alt=3791ft | VS=-2136fpm
2026-06-12 11:19:45,120 - INFO - t=10.1s | IAS=41.5kts (target=69.0) | Alt=3790ft | VS=-2071fpm
2026-06-12 11:19:45,145 - INFO - t=10.1s | IAS=40.5kts (target=69.0) | Alt=3789ft | VS=-2008fpm
2026-06-12 11:19:45,169 - INFO - t=10.2s | IAS=39.5kts (target=69.1) | Alt=3788ft | VS=-1940fpm
2026-06-12 11:19:45,193 - INFO - t=10.2s | IAS=38.5kts (target=69.1) | Alt=3788ft | VS=-1876fpm
2026-06-12 11:19:45,220 - INFO - t=10.2s | IAS=37.6kts (target=69.2) | Alt=3787ft | VS=-1811fpm
2026-06-12 11:19:45,245 - INFO - t=10.2s | IAS=36.6kts (target=69.2) | Alt=3786ft | VS=-1745fpm
2026-06-12 11:19:45,269 - INFO - t=10.3s | IAS=35.6kts (target=69.3) | Alt=3785ft | VS=-1681fpm
2026-06-12 11:19:45,294 - INFO - t=10.3s | IAS=34.7kts (target=69.3) | Alt=3785ft | VS=-1624fpm
2026-06-12 11:19:45,320 - INFO - t=10.3s | IAS=33.8kts (target=69.4) | Alt=3784ft | VS=-1571fpm
2026-06-12 11:19:45,345 - INFO - t=10.3s | IAS=33.0kts (target=69.4) | Alt=3783ft | VS=-1521fpm
2026-06-12 11:19:45,370 - INFO - t=10.4s | IAS=32.0kts (target=69.5) | Alt=3783ft | VS=-1472fpm
2026-06-12 11:19:45,394 - INFO - t=10.4s | IAS=31.2kts (target=69.5) | Alt=3782ft | VS=-1427fpm
2026-06-12 11:19:45,420 - INFO - t=10.4s | IAS=30.4kts (target=69.6) | Alt=3782ft | VS=-1387fpm
2026-06-12 11:19:45,445 - INFO - t=10.4s | IAS=29.6kts (target=69.6) | Alt=3781ft | VS=-1348fpm
2026-06-12 11:19:45,470 - INFO - t=10.5s | IAS=28.7kts (target=69.7) | Alt=3780ft | VS=-1308fpm
2026-06-12 11:19:45,495 - INFO - t=10.5s | IAS=28.0kts (target=69.7) | Alt=3780ft | VS=-1272fpm
2026-06-12 11:19:45,521 - INFO - t=10.5s | IAS=27.2kts (target=69.8) | Alt=3779ft | VS=-1237fpm
2026-06-12 11:19:45,545 - INFO - t=10.5s | IAS=26.5kts (target=69.8) | Alt=3779ft | VS=-1202fpm
2026-06-12 11:19:45,570 - INFO - t=10.6s | IAS=25.8kts (target=69.9) | Alt=3778ft | VS=-1167fpm
2026-06-12 11:19:45,594 - INFO - t=10.6s | IAS=25.1kts (target=69.9) | Alt=3778ft | VS=-1132fpm
2026-06-12 11:19:45,621 - INFO - t=10.6s | IAS=24.5kts (target=70.0) | Alt=3777ft | VS=-1098fpm
2026-06-12 11:19:45,646 - INFO - t=10.7s | IAS=23.8kts (target=70.0) | Alt=3777ft | VS=-1063fpm
2026-06-12 11:19:45,670 - INFO - t=10.7s | IAS=23.2kts (target=70.1) | Alt=3776ft | VS=-1027fpm
2026-06-12 11:19:45,695 - INFO - t=10.7s | IAS=22.6kts (target=70.1) | Alt=3776ft | VS=-991fpm
2026-06-12 11:19:45,722 - INFO - t=10.7s | IAS=22.0kts (target=70.2) | Alt=3776ft | VS=-955fpm
2026-06-12 11:19:45,749 - INFO - t=10.8s | IAS=21.5kts (target=70.2) | Alt=3775ft | VS=-917fpm
2026-06-12 11:19:45,775 - INFO - t=10.8s | IAS=20.9kts (target=70.3) | Alt=3775ft | VS=-874fpm
2026-06-12 11:19:45,801 - INFO - t=10.8s | IAS=20.4kts (target=70.3) | Alt=3774ft | VS=-831fpm
2026-06-12 11:19:45,827 - INFO - t=10.8s | IAS=19.9kts (target=70.4) | Alt=3774ft | VS=-789fpm
2026-06-12 11:19:45,852 - INFO - t=10.9s | IAS=19.5kts (target=70.4) | Alt=3774ft | VS=-746fpm
2026-06-12 11:19:45,877 - INFO - t=10.9s | IAS=19.0kts (target=70.5) | Alt=3774ft | VS=-699fpm
2026-06-12 11:19:45,902 - INFO - t=10.9s | IAS=18.6kts (target=70.5) | Alt=3773ft | VS=-652fpm
2026-06-12 11:19:45,928 - INFO - t=10.9s | IAS=18.2kts (target=70.6) | Alt=3773ft | VS=-605fpm
2026-06-12 11:19:45,953 - INFO - t=11.0s | IAS=17.9kts (target=70.6) | Alt=3773ft | VS=-558fpm
2026-06-12 11:19:45,977 - INFO - t=11.0s | IAS=17.6kts (target=70.7) | Alt=3773ft | VS=-508fpm
2026-06-12 11:19:46,005 - INFO - t=11.0s | IAS=17.3kts (target=70.7) | Alt=3772ft | VS=-462fpm
2026-06-12 11:19:46,033 - INFO - t=11.0s | IAS=17.0kts (target=70.8) | Alt=3772ft | VS=-408fpm
2026-06-12 11:19:46,059 - INFO - t=11.1s | IAS=16.7kts (target=70.8) | Alt=3772ft | VS=-357fpm
2026-06-12 11:19:46,086 - INFO - t=11.1s | IAS=16.5kts (target=70.9) | Alt=3772ft | VS=-306fpm
2026-06-12 11:19:46,114 - INFO - t=11.1s | IAS=16.2kts (target=70.9) | Alt=3772ft | VS=-257fpm
2026-06-12 11:19:46,171 - INFO - t=11.2s | IAS=16.0kts (target=71.0) | Alt=3772ft | VS=-207fpm
2026-06-12 11:19:46,196 - INFO - t=11.2s | IAS=15.8kts (target=71.0) | Alt=3771ft | VS=-117fpm
2026-06-12 11:19:46,222 - INFO - t=11.2s | IAS=15.6kts (target=71.1) | Alt=3771ft | VS=-27fpm
2026-06-12 11:19:46,247 - INFO - t=11.3s | IAS=15.5kts (target=71.1) | Alt=3771ft | VS=20fpm
2026-06-12 11:19:46,280 - INFO - t=11.3s | IAS=15.5kts (target=71.2) | Alt=3771ft | VS=20fpm
2026-06-12 11:19:46,306 - INFO - t=11.3s | IAS=15.5kts (target=71.2) | Alt=3771ft | VS=20fpm
2026-06-12 11:19:46,338 - INFO - t=11.3s | IAS=15.5kts (target=71.3) | Alt=3771ft | VS=20fpm
2026-06-12 11:19:46,371 - INFO - t=11.4s | IAS=15.5kts (target=71.3) | Alt=3771ft | VS=20fpm
2026-06-12 11:19:46,402 - INFO - t=11.4s | IAS=15.5kts (target=71.4) | Alt=3771ft | VS=20fpm
2026-06-12 11:19:46,430 - INFO - t=11.4s | IAS=15.5kts (target=71.4) | Alt=3771ft | VS=20fpm
2026-06-12 11:19:46,460 - INFO - t=11.5s | IAS=15.5kts (target=71.5) | Alt=3771ft | VS=20fpm
2026-06-12 11:19:46,486 - INFO - t=11.5s | IAS=15.5kts (target=71.5) | Alt=3771ft | VS=20fpm
2026-06-12 11:19:46,511 - INFO - t=11.5s | IAS=15.5kts (target=71.6) | Alt=3771ft | VS=20fpm
2026-06-12 11:19:46,535 - INFO - t=11.5s | IAS=15.5kts (target=71.6) | Alt=3771ft | VS=20fpm
2026-06-12 11:19:46,558 - INFO - t=11.6s | IAS=15.5kts (target=71.7) | Alt=3771ft | VS=20fpm
2026-06-12 11:19:46,581 - INFO - t=11.6s | IAS=15.5kts (target=71.7) | Alt=3771ft | VS=20fpm
2026-06-12 11:19:46,606 - INFO - t=11.6s | IAS=15.5kts (target=71.8) | Alt=3771ft | VS=20fpm
2026-06-12 11:19:46,634 - INFO - t=11.6s | IAS=15.5kts (target=71.8) | Alt=3771ft | VS=20fpm
2026-06-12 11:19:46,658 - INFO - t=11.7s | IAS=15.5kts (target=71.9) | Alt=3771ft | VS=20fpm
2026-06-12 11:19:46,679 - INFO - t=11.7s | IAS=15.5kts (target=71.9) | Alt=3771ft | VS=20fpm
2026-06-12 11:19:46,703 - INFO - t=11.7s | IAS=15.5kts (target=72.0) | Alt=3771ft | VS=20fpm
2026-06-12 11:19:46,726 - INFO - t=11.7s | IAS=15.5kts (target=72.0) | Alt=3771ft | VS=20fpm
2026-06-12 11:19:46,750 - INFO - t=11.8s | IAS=15.5kts (target=72.1) | Alt=3771ft | VS=20fpm
2026-06-12 11:19:46,772 - INFO - t=11.8s | IAS=15.5kts (target=72.1) | Alt=3771ft | VS=20fpm
2026-06-12 11:19:46,797 - INFO - t=11.8s | IAS=15.5kts (target=72.2) | Alt=3771ft | VS=20fpm
2026-06-12 11:19:46,819 - INFO - t=11.8s | IAS=15.5kts (target=72.2) | Alt=3771ft | VS=20fpm
2026-06-12 11:19:46,845 - INFO - t=11.9s | IAS=15.5kts (target=72.3) | Alt=3771ft | VS=20fpm
2026-06-12 11:19:46,868 - INFO - t=11.9s | IAS=15.5kts (target=72.3) | Alt=3771ft | VS=20fpm
2026-06-12 11:19:46,890 - INFO - t=11.9s | IAS=15.5kts (target=72.4) | Alt=3771ft | VS=20fpm
2026-06-12 11:19:46,914 - INFO - t=11.9s | IAS=15.5kts (target=72.4) | Alt=3771ft | VS=20fpm
2026-06-12 11:19:46,937 - INFO - t=11.9s | IAS=15.5kts (target=72.5) | Alt=3771ft | VS=20fpm
2026-06-12 11:19:46,960 - INFO - t=12.0s | IAS=15.5kts (target=72.5) | Alt=3771ft | VS=20fpm
2026-06-12 11:19:46,983 - INFO - t=12.0s | IAS=15.5kts (target=72.6) | Alt=3771ft | VS=20fpm
2026-06-12 11:19:47,006 - INFO - t=12.0s | IAS=15.5kts (target=72.6) | Alt=3771ft | VS=20fpm
2026-06-12 11:19:47,029 - INFO - t=12.0s | IAS=15.5kts (target=72.7) | Alt=3771ft | VS=20fpm
2026-06-12 11:19:47,052 - INFO - t=12.1s | IAS=15.5kts (target=72.7) | Alt=3771ft | VS=20fpm
2026-06-12 11:19:47,075 - INFO - t=12.1s | IAS=15.5kts (target=72.8) | Alt=3771ft | VS=20fpm
2026-06-12 11:19:47,098 - INFO - t=12.1s | IAS=15.5kts (target=72.8) | Alt=3771ft | VS=20fpm
2026-06-12 11:19:47,122 - INFO - t=12.1s | IAS=15.5kts (target=72.9) | Alt=3771ft | VS=20fpm
2026-06-12 11:19:47,146 - INFO - t=12.2s | IAS=15.5kts (target=72.9) | Alt=3771ft | VS=20fpm
2026-06-12 11:19:47,169 - INFO - t=12.2s | IAS=15.5kts (target=73.0) | Alt=3771ft | VS=20fpm
2026-06-12 11:19:47,192 - INFO - t=12.2s | IAS=15.5kts (target=73.0) | Alt=3771ft | VS=20fpm
2026-06-12 11:19:47,215 - INFO - t=12.2s | IAS=15.5kts (target=73.1) | Alt=3771ft | VS=20fpm
2026-06-12 11:19:47,238 - INFO - t=12.2s | IAS=15.5kts (target=73.1) | Alt=3771ft | VS=20fpm
2026-06-12 11:19:47,262 - INFO - t=12.3s | IAS=15.5kts (target=73.2) | Alt=3771ft | VS=20fpm
2026-06-12 11:19:47,285 - INFO - t=12.3s | IAS=15.5kts (target=73.2) | Alt=3771ft | VS=20fpm
2026-06-12 11:19:47,308 - INFO - t=12.3s | IAS=15.5kts (target=73.3) | Alt=3771ft | VS=20fpm
2026-06-12 11:19:47,332 - INFO - t=12.3s | IAS=15.5kts (target=73.3) | Alt=3771ft | VS=20fpm
2026-06-12 11:19:47,355 - INFO - t=12.4s | IAS=15.5kts (target=73.4) | Alt=3771ft | VS=20fpm
2026-06-12 11:19:47,378 - INFO - t=12.4s | IAS=15.5kts (target=73.4) | Alt=3771ft | VS=20fpm
2026-06-12 11:19:47,401 - INFO - t=12.4s | IAS=15.5kts (target=73.5) | Alt=3771ft | VS=20fpm
2026-06-12 11:19:47,424 - INFO - t=12.4s | IAS=15.5kts (target=73.5) | Alt=3771ft | VS=20fpm
2026-06-12 11:19:47,447 - INFO - t=12.5s | IAS=15.5kts (target=73.6) | Alt=3771ft | VS=20fpm
2026-06-12 11:19:47,472 - INFO - t=12.5s | IAS=15.5kts (target=73.6) | Alt=3771ft | VS=20fpm
2026-06-12 11:19:47,495 - INFO - t=12.5s | IAS=15.5kts (target=73.7) | Alt=3771ft | VS=20fpm
2026-06-12 11:19:47,519 - INFO - t=12.5s | IAS=15.5kts (target=73.7) | Alt=3771ft | VS=20fpm
2026-06-12 11:19:47,544 - INFO - t=12.5s | IAS=15.5kts (target=73.8) | Alt=3771ft | VS=20fpm
2026-06-12 11:19:47,570 - INFO - t=12.6s | IAS=15.5kts (target=73.8) | Alt=3771ft | VS=20fpm
2026-06-12 11:19:47,594 - INFO - t=12.6s | IAS=15.5kts (target=73.9) | Alt=3771ft | VS=20fpm
2026-06-12 11:19:47,618 - INFO - t=12.6s | IAS=15.5kts (target=73.9) | Alt=3771ft | VS=20fpm
2026-06-12 11:19:47,642 - INFO - t=12.6s | IAS=15.5kts (target=74.0) | Alt=3771ft | VS=20fpm
2026-06-12 11:19:47,667 - INFO - t=12.7s | IAS=15.5kts (target=74.0) | Alt=3771ft | VS=20fpm
2026-06-12 11:19:47,691 - INFO - t=12.7s | IAS=15.5kts (target=74.1) | Alt=3771ft | VS=20fpm
2026-06-12 11:19:47,715 - INFO - t=12.7s | IAS=15.5kts (target=74.1) | Alt=3771ft | VS=20fpm
2026-06-12 11:19:47,739 - INFO - t=12.7s | IAS=15.5kts (target=74.2) | Alt=3771ft | VS=20fpm
2026-06-12 11:19:47,763 - INFO - t=12.8s | IAS=15.5kts (target=74.2) | Alt=3771ft | VS=20fpm
2026-06-12 11:19:47,787 - INFO - t=12.8s | IAS=15.5kts (target=74.3) | Alt=3771ft | VS=20fpm
2026-06-12 11:19:47,810 - INFO - t=12.8s | IAS=15.5kts (target=74.3) | Alt=3771ft | VS=20fpm
2026-06-12 11:19:47,835 - INFO - t=12.8s | IAS=15.5kts (target=74.4) | Alt=3771ft | VS=20fpm
2026-06-12 11:19:47,858 - INFO - t=12.9s | IAS=15.5kts (target=74.4) | Alt=3771ft | VS=20fpm
2026-06-12 11:19:47,882 - INFO - t=12.9s | IAS=15.5kts (target=74.5) | Alt=3771ft | VS=20fpm
2026-06-12 11:19:47,907 - INFO - t=12.9s | IAS=15.5kts (target=74.5) | Alt=3771ft | VS=20fpm
2026-06-12 11:19:47,931 - INFO - t=12.9s | IAS=15.5kts (target=74.6) | Alt=3771ft | VS=20fpm
2026-06-12 11:19:47,957 - INFO - t=13.0s | IAS=15.5kts (target=74.6) | Alt=3771ft | VS=20fpm
2026-06-12 11:19:47,982 - INFO - t=13.0s | IAS=15.5kts (target=74.7) | Alt=3771ft | VS=20fpm
2026-06-12 11:19:48,006 - INFO - t=13.0s | IAS=15.5kts (target=74.7) | Alt=3771ft | VS=20fpm
2026-06-12 11:19:48,030 - INFO - t=13.0s | IAS=15.5kts (target=74.8) | Alt=3771ft | VS=20fpm
2026-06-12 11:19:48,054 - INFO - t=13.1s | IAS=15.5kts (target=74.8) | Alt=3771ft | VS=20fpm
2026-06-12 11:19:48,079 - INFO - t=13.1s | IAS=15.5kts (target=74.9) | Alt=3771ft | VS=20fpm
2026-06-12 11:19:48,103 - INFO - t=13.1s | IAS=15.5kts (target=74.9) | Alt=3771ft | VS=20fpm
2026-06-12 11:19:48,127 - INFO - t=13.1s | IAS=15.5kts (target=75.0) | Alt=3771ft | VS=20fpm
2026-06-12 11:19:48,152 - INFO - t=13.2s | IAS=15.5kts (target=75.0) | Alt=3771ft | VS=20fpm
2026-06-12 11:19:48,177 - INFO - t=13.2s | IAS=15.5kts (target=75.1) | Alt=3771ft | VS=20fpm
2026-06-12 11:19:48,200 - INFO - t=13.2s | IAS=15.5kts (target=75.1) | Alt=3771ft | VS=20fpm
2026-06-12 11:19:48,224 - INFO - t=13.2s | IAS=15.5kts (target=75.2) | Alt=3771ft | VS=20fpm
2026-06-12 11:19:48,249 - INFO - t=13.3s | IAS=15.5kts (target=75.2) | Alt=3771ft | VS=20fpm
2026-06-12 11:19:48,273 - INFO - t=13.3s | IAS=15.5kts (target=75.3) | Alt=3771ft | VS=20fpm
2026-06-12 11:19:48,297 - INFO - t=13.3s | IAS=15.5kts (target=75.3) | Alt=3771ft | VS=20fpm
2026-06-12 11:19:48,320 - INFO - t=13.3s | IAS=15.5kts (target=75.4) | Alt=3771ft | VS=20fpm
2026-06-12 11:19:48,344 - INFO - t=13.3s | IAS=15.5kts (target=75.4) | Alt=3771ft | VS=20fpm
2026-06-12 11:19:48,370 - INFO - t=13.4s | IAS=15.5kts (target=75.5) | Alt=3771ft | VS=20fpm
2026-06-12 11:19:48,394 - INFO - t=13.4s | IAS=15.5kts (target=75.5) | Alt=3771ft | VS=20fpm
2026-06-12 11:19:48,418 - INFO - t=13.4s | IAS=15.5kts (target=75.6) | Alt=3771ft | VS=20fpm
2026-06-12 11:19:48,442 - INFO - t=13.4s | IAS=15.5kts (target=75.6) | Alt=3771ft | VS=20fpm
2026-06-12 11:19:48,466 - INFO - t=13.5s | IAS=15.5kts (target=75.7) | Alt=3771ft | VS=20fpm
2026-06-12 11:19:48,490 - INFO - t=13.5s | IAS=15.5kts (target=75.7) | Alt=3771ft | VS=20fpm
2026-06-12 11:19:48,513 - INFO - t=13.5s | IAS=15.5kts (target=75.8) | Alt=3771ft | VS=20fpm
2026-06-12 11:19:48,538 - INFO - t=13.5s | IAS=15.5kts (target=75.8) | Alt=3771ft | VS=20fpm
2026-06-12 11:19:48,562 - INFO - t=13.6s | IAS=15.5kts (target=75.9) | Alt=3771ft | VS=20fpm
2026-06-12 11:19:48,586 - INFO - t=13.6s | IAS=15.5kts (target=75.9) | Alt=3771ft | VS=20fpm
2026-06-12 11:19:48,610 - INFO - t=13.6s | IAS=15.5kts (target=76.0) | Alt=3771ft | VS=20fpm
2026-06-12 11:19:48,635 - INFO - t=13.6s | IAS=15.5kts (target=76.0) | Alt=3771ft | VS=20fpm
2026-06-12 11:19:48,658 - INFO - t=13.7s | IAS=15.5kts (target=76.1) | Alt=3771ft | VS=20fpm
2026-06-12 11:19:48,683 - INFO - t=13.7s | IAS=15.5kts (target=76.1) | Alt=3771ft | VS=20fpm
2026-06-12 11:19:48,709 - INFO - t=13.7s | IAS=15.5kts (target=76.2) | Alt=3771ft | VS=20fpm
2026-06-12 11:19:48,735 - INFO - t=13.7s | IAS=15.5kts (target=76.2) | Alt=3771ft | VS=20fpm
2026-06-12 11:19:48,761 - INFO - t=13.8s | IAS=15.5kts (target=76.3) | Alt=3771ft | VS=20fpm
2026-06-12 11:19:48,787 - INFO - t=13.8s | IAS=15.5kts (target=76.3) | Alt=3771ft | VS=20fpm
2026-06-12 11:19:48,813 - INFO - t=13.8s | IAS=15.5kts (target=76.4) | Alt=3771ft | VS=20fpm
2026-06-12 11:19:48,838 - INFO - t=13.8s | IAS=15.5kts (target=76.4) | Alt=3771ft | VS=20fpm
2026-06-12 11:19:48,864 - INFO - t=13.9s | IAS=15.5kts (target=76.5) | Alt=3771ft | VS=20fpm
2026-06-12 11:19:48,890 - INFO - t=13.9s | IAS=15.5kts (target=76.5) | Alt=3771ft | VS=20fpm
2026-06-12 11:19:48,916 - INFO - t=13.9s | IAS=15.5kts (target=76.6) | Alt=3771ft | VS=20fpm
2026-06-12 11:19:48,940 - INFO - t=13.9s | IAS=15.5kts (target=76.6) | Alt=3771ft | VS=20fpm
2026-06-12 11:19:48,965 - INFO - t=14.0s | IAS=15.5kts (target=76.7) | Alt=3771ft | VS=20fpm
2026-06-12 11:19:48,990 - INFO - t=14.0s | IAS=15.5kts (target=76.7) | Alt=3771ft | VS=20fpm
2026-06-12 11:19:49,014 - INFO - t=14.0s | IAS=15.5kts (target=76.8) | Alt=3771ft | VS=20fpm
2026-06-12 11:19:49,038 - INFO - t=14.0s | IAS=15.5kts (target=76.8) | Alt=3771ft | VS=20fpm
2026-06-12 11:19:49,089 - INFO - t=14.1s | IAS=15.5kts (target=76.9) | Alt=3771ft | VS=20fpm
2026-06-12 11:19:49,116 - INFO - t=14.1s | IAS=15.5kts (target=76.9) | Alt=3771ft | VS=20fpm
2026-06-12 11:19:49,141 - INFO - t=14.1s | IAS=15.5kts (target=77.0) | Alt=3771ft | VS=20fpm
2026-06-12 11:19:49,168 - INFO - t=14.2s | IAS=15.5kts (target=77.0) | Alt=3771ft | VS=20fpm
2026-06-12 11:19:49,194 - INFO - t=14.2s | IAS=15.5kts (target=77.1) | Alt=3771ft | VS=20fpm
2026-06-12 11:19:49,220 - INFO - t=14.2s | IAS=15.5kts (target=77.1) | Alt=3771ft | VS=20fpm
2026-06-12 11:19:49,245 - INFO - t=14.3s | IAS=15.5kts (target=77.2) | Alt=3771ft | VS=20fpm
2026-06-12 11:19:49,273 - INFO - t=14.3s | IAS=15.5kts (target=77.2) | Alt=3771ft | VS=20fpm
2026-06-12 11:19:49,300 - INFO - t=14.3s | IAS=15.5kts (target=77.3) | Alt=3771ft | VS=20fpm
2026-06-12 11:19:49,325 - INFO - t=14.3s | IAS=15.5kts (target=77.3) | Alt=3771ft | VS=20fpm
2026-06-12 11:19:49,350 - INFO - t=14.4s | IAS=15.5kts (target=77.4) | Alt=3771ft | VS=20fpm
2026-06-12 11:19:49,376 - INFO - t=14.4s | IAS=15.5kts (target=77.4) | Alt=3771ft | VS=20fpm
2026-06-12 11:19:49,401 - INFO - t=14.4s | IAS=15.5kts (target=77.5) | Alt=3771ft | VS=20fpm
2026-06-12 11:19:49,428 - INFO - t=14.4s | IAS=15.5kts (target=77.5) | Alt=3771ft | VS=20fpm
2026-06-12 11:19:49,453 - INFO - t=14.5s | IAS=15.5kts (target=77.6) | Alt=3771ft | VS=20fpm
2026-06-12 11:19:49,478 - INFO - t=14.5s | IAS=15.5kts (target=77.6) | Alt=3771ft | VS=20fpm
2026-06-12 11:19:49,500 - INFO - t=14.5s | IAS=15.5kts (target=77.7) | Alt=3771ft | VS=20fpm
2026-06-12 11:19:49,524 - INFO - t=14.5s | IAS=15.5kts (target=77.7) | Alt=3771ft | VS=20fpm
2026-06-12 11:19:49,552 - INFO - t=14.6s | IAS=15.5kts (target=77.8) | Alt=3771ft | VS=20fpm
2026-06-12 11:19:49,575 - INFO - t=14.6s | IAS=15.5kts (target=77.8) | Alt=3771ft | VS=20fpm
2026-06-12 11:19:49,602 - INFO - t=14.6s | IAS=15.5kts (target=77.9) | Alt=3771ft | VS=20fpm
2026-06-12 11:19:49,629 - INFO - t=14.6s | IAS=15.5kts (target=77.9) | Alt=3771ft | VS=20fpm
2026-06-12 11:19:49,656 - INFO - t=14.7s | IAS=15.5kts (target=78.0) | Alt=3771ft | VS=20fpm
2026-06-12 11:19:49,682 - INFO - t=14.7s | IAS=15.5kts (target=78.0) | Alt=3771ft | VS=20fpm
2026-06-12 11:19:49,709 - INFO - t=14.7s | IAS=15.5kts (target=78.1) | Alt=3771ft | VS=20fpm
2026-06-12 11:19:49,736 - INFO - t=14.7s | IAS=15.5kts (target=78.1) | Alt=3771ft | VS=20fpm
2026-06-12 11:19:49,762 - INFO - t=14.8s | IAS=15.5kts (target=78.2) | Alt=3771ft | VS=20fpm
